,attachments,author_id,conversation_id,created_at,edit_history_tweet_ids,id,in_reply_to_user_id,text,origen,geo
0,{'media_keys': ['3_1591076986658738177']},896083788098416641,1591077073795584003,2022-11-11 14:35:09+00:00,['1591077073795584003'],1591077073795584003,,"Visitanos en https://t.co/dtXV8gP3AU
#Mercados #Dolar #Cedear https://t.co/IC27IPrgKy",dolar,
1,,150720110,1591058307950825472,2022-11-11 14:33:01+00:00,['1591076535590473728'],1591076535590473728,18079284.0,@RevistaSemana este man si es el propio ü§°ü§°ü§°ü§° y ya existe se LLAMA #dolar üíµ sopenco üòÇüòÇüòÇüòÇ,dolar,
2,{'media_keys': ['3_1591076460151840768']},1061357663827779584,1591076464228986881,2022-11-11 14:32:44+00:00,['1591076464228986881'],1591076464228986881,,"Tasa Petro¬† viernes 11-11-2022

Luis Elvis Oficial 
SIGUEME EN MIS REDES SOCIALES 
dale al link 
https://t.co/AEXxkAiiPE

#Luiselvis #Petro
#venezuela #d√≥lar #econom√≠a https://t.co/JUy5WWtSvB",dolar,
3,{'media_keys': ['3_1591076264886116355']},896083788098416641,1591076358888706048,2022-11-11 14:32:19+00:00,['1591076358888706048'],1591076358888706048,,"Visitanos en https://t.co/dtXV8h66CU
#Mercados #Dolar https://t.co/csNUlGWRXM",dolar,
4,,2355325052,1591076325812736000,2022-11-11 14:32:11+00:00,['1591076325812736000'],1591076325812736000,,"#EnMedios | ¬øEl precio del d√≥lar en Colombia ha estado sobre devaluado? 

Nuestra opini√≥n en @Portafolioco 

#ValuesAAA #InvestmentBanking #Econom√≠a #D√≥lar https://t.co/LWbZ19zcRL",dolar,
5,{'media_keys': ['7_1591075648738627585']},1022819839524700160,1591075795216523264,2022-11-11 14:30:04+00:00,['1591075795216523264'],1591075795216523264,,"#IndicadoresFinancieros #TipoDeCambio #Peso #D√≥lar 
Los datos sobre la inflaci√≥n en EU que se encontraron en un nivel inferior a lo esperado, favoreci√≥ el comportamiento del peso frente a la divisa estadounidense, ubic√°ndose en su menor nivel del 2022.
#MarvaInforma https://t.co/fhXWdGYNSP",dolar,
6,"{'media_keys': ['3_1577644563568656386', '3_1577644563577159680', '3_1577644563585433601', '3_1577644563572875265']}",1223451257660231680,1591075778116001792,2022-11-11 14:30:00+00:00,['1591075778116001792'],1591075778116001792,,"Invert√≠ en Estados Unidos sin moverte de tu casa, Abr√≠ tu cuenta desde https://t.co/dSbCy2fhDE y recib√≠ asesoramiento sin cargo! #invertir #inversiones #bolsa #mercadodecapitales #ahorro #inversor #oportunidad #d√≥lar #argentina #dinero #capital #acciones #bonos #fci #finanzas https://t.co/y5n4XOB9mj",dolar,
7,{'media_keys': ['3_1591073435060273153']},23377748,1591075777931608065,2022-11-11 14:30:00+00:00,['1591075777931608065'],1591075777931608065,,"El #d√≥lar en #M√©xico cotiza en $18.55 pesos la compra y a $19.29 pesos la venta.

Baja ampliando las p√©rdidas del d√≠a anterior despu√©s de que la #inflaci√≥n de #EU fuera menor de lo esperado, lo que disminuye la probabilidad de que la Fed suba la tasa de inter√©s de forma agresiva. https://t.co/6fAFx3Toon",dolar,
8,{'media_keys': ['3_1577679443073671169']},1550525846158467072,1591075777034035200,2022-11-11 14:30:00+00:00,['1591075777034035200'],1591075777034035200,,S√∫mate a nuestro canal de Telegram desde https://t.co/vuSgu7LSd9 para recibir la cotizaci√≥n del D√≥lar en tu celular! #inflaci√≥n #dolarlibre #blue #oficial #d√≥lar #dolarmep #dolarblue #argentina #ahorro #devaluaci√≥n #inversi√≥n #bolsa #CCL #mep https://t.co/1raJKa1Dxe,dolar,
9,{'media_keys': ['16_1591075007316332544']},99141179,1591075048890437635,2022-11-11 14:27:07+00:00,['1591075048890437635'],1591075048890437635,,"üü° #Puebla | Precio del d√≥lar este 11 de noviembre üëá

üí∏ Al inicio de la jornada de este viernes el #d√≥lar encuentra en un precio promedio de üí∏$19.39 pesos mexicanos.

#DolarHoy #Economia #BMV #Hoy https://t.co/XZH4uzhiEi",dolar,
10,{'media_keys': ['3_1591074351108935681']},1337523901799288833,1591074367097950208,2022-11-11 14:24:24+00:00,['1591074367097950208'],1591074367097950208,,"El tipo de cambio obtenido el d√≠a de hoy fue de $19.3940 M.N. (diecinueve pesos con tres mil novecientos cuarenta diezmil√©simos moneda nacional) por un d√≥lar de los EE.UU.A.
#abogado #contratos #TipoDeCambio #dolar #peso #negocios #empresa #lawyer #contract #business #legaldesign https://t.co/H3us4PzOMN",dolar,
11,,1550525846158467072,1591073520691605504,2022-11-11 14:21:02+00:00,['1591073520691605504'],1591073520691605504,,"Cotizaci√≥n MEP 298,59

Oper√° desde https://t.co/WuSDVX0WB3

#usd #Dolar #dolarmep #dolarblue #argentina #ahorro #bolsa #inversiones #devaluacion #inflacion #dolarbolsa #mep",dolar,
12,,1306629670356615168,1591073043392401413,2022-11-11 14:19:08+00:00,['1591073043392401413'],1591073043392401413,,"#Mercados
El #d√≥lar cotiza a $ 167 en el Banco Naci√≥n y el riesgo pa√≠s se mantiene en 2.484 puntos https://t.co/mDPZwEp177",dolar,
13,{'media_keys': ['3_1591072890329436162']},106503292,1591072892238041089,2022-11-11 14:18:32+00:00,['1591072892238041089'],1591072892238041089,,Hoy #viernes 11 de noviembre de 2022 el #tipodecambio promedio del #d√≥lar en M√©xico es de $19.38 pesos. V√≠a https://t.co/hJ6s2goIRV https://t.co/sCXMZpDfPm,dolar,
14,,1551291859703562249,1591072776374583296,2022-11-11 14:18:05+00:00,['1591072776374583296'],1591072776374583296,,"Precio del d√≥lar HOY 11/11/2022 11:21 en Argentina

D√≥lar Blue $292,00
D√≥lar Oficial $167,50
D√≥lar Ahorro $276,38
D√≥lar Turista $293,12
D√≥lar MEP $298,73
D√≥lar CCL $308,39
D√≥lar Qatar $335,00

üåê M√°s info en: https://t.co/dqoIOCbSPs
#dolarblue #dolaroficial #dolarnube #dolar",dolar,
15,{'media_keys': ['7_1591071895822254080']},1574449762643988480,1591072280121348096,2022-11-11 14:16:06+00:00,['1591072280121348096'],1591072280121348096,,"INDICADORES DEL D√çA 11 DE NOVIEMBRE DE 2022 El precio del dolar a caido m√°s de $200 pesos colombianos en menos de 36 h.
El bitcoin cae en menos de 48 h. m√°s del 10% desde su precio m√°s estable llegando casi a los 16 mil dolares
 #Noticias #indicadores #dolar #bitcoin #cripto https://t.co/tkCe9SN0CZ",dolar,
16,"{'media_keys': ['3_1591071928667734017', '3_1591071955301588992']}",1183084648492130305,1591071959210946561,2022-11-11 14:14:50+00:00,['1591071959210946561'],1591071959210946561,,"#dolar Monitor contin√∫a en alza mientras ya q no hay disposici√≥n d la divisa en los bancos. Estado sigue quemando d√≥lares en bancos mientras aumenta la sed vor√°gine por adquirir la divisa.
#LeerEscribirYPensar
#LeerDesconoliza
#FILVEN2022
Luis Enrique
Rafael C√°rdenas
Espa√±a
Locha https://t.co/yocpbnW0iD",dolar,
17,{'media_keys': ['3_1591071423761629184']},1333874695779864588,1591071547250606080,2022-11-11 14:13:12+00:00,['1591071547250606080'],1591071547250606080,,"#dolar parece que despierta...
despegue en 3...2...1...üöÄ? https://t.co/feU3YjnCos",dolar,
18,,1197258093207457794,1591070350502416384,2022-11-11 14:08:26+00:00,['1591070350502416384'],1591070350502416384,,"üí≤üí≤ü§ëEl PESO cotizaba en 19.34 unidades por #d√≥larüíµ casi al final de los #negocios; en tanto, el referencial √≠ndice accionario S&amp;P/BMV gan√≥ un 0.96%

https://t.co/SI2vraWbyz",dolar,
19,,60999597,1591070264426901505,2022-11-11 14:08:06+00:00,['1591070264426901505'],1591070264426901505,,"üí≤üí≤ü§ëEl PESO cotizaba en 19.34 unidades por #d√≥larüíµ casi al final de los #negocios; en tanto, el referencial √≠ndice accionario S&amp;P/BMV gan√≥ un 0.96%

https://t.co/MLPRRX3Wyt",dolar,
20,,1550156303473037315,1591069742458363907,2022-11-11 14:06:01+00:00,['1591069742458363907'],1591069742458363907,,"DOLAR EN ARGENTINA
Datos del: 11/11/2022 - 10:11

Compra: $288,00 | Venta: $292,00
Variaci√≥n:  0,00%

Riesgo pa√≠s: 2481 üîΩ -2,17

Informaci√≥n de √Åmbito Financiero (mzy)

#Dolar #DolarBlue #Devaluaci√≥n #BCRA #Gobierno #Argentina",dolar,
21,{'media_keys': ['3_1591069714800906242']},29629086,1591054951018598401,2022-11-11 14:05:59+00:00,['1591069732186488833'],1591069732186488833,29629086.0,#D√≥lar | üíµ Cotizaci√≥n de apertura en #Argentina  ‚¨áÔ∏è https://t.co/GGftJaIQYp,dolar,
22,,106330452,1591069702734123009,2022-11-11 14:05:52+00:00,['1591069702734123009'],1591069702734123009,,"#TipoDeCambio | Precio del #d√≥lar en #M√©xico  este viernes 11 de noviembre de 2022.
https://t.co/xT2yR7SmOg",dolar,
23,{'media_keys': ['3_1591069408109232131']},234088034,1591069505072947200,2022-11-11 14:05:05+00:00,['1591069505072947200'],1591069505072947200,,"#ElInformanteM√©xico

#Portada| ¬°COMO NUNCA! EL #PESO SE FORTALECE FRENTE AL #D√ìLAR

La #DivisaMexicana se ubica alrededor de los 19.35 pesos por d√≥lar al mayoreo en los #MercadosInternacionales, lo que significa una apreciaci√≥n de 1.13%.
@Banxico
https://t.co/AU8XeMBzc1 https://t.co/5jeN3re36B",dolar,
24,{'media_keys': ['3_1591069001383297027']},1381776255243145226,1591069005225279489,2022-11-11 14:03:06+00:00,['1591069005225279489'],1591069005225279489,,"#CarlosVives participar√° en #creaci√≥n de #NFT

https://t.co/nmuSxL0Ufr

#b2bfinances #finanzas #Espa√±a #academia #noticias #bolsa #traiding #M√©xico #Venezuela #chile #panama #oro #stamp #news #Per√∫ #Florida #√≠ndices #cursos #forex #Crypto #Colombia #dinero #dolar #euro #israel https://t.co/J9aFsFSwFA",dolar,
25,,1362796718,1591068822752137217,2022-11-11 14:02:22+00:00,['1591068822752137217'],1591068822752137217,,"""De la mano de los usados, crecen los pr√©stamos prendarios - Diario R√≠o Negro"" | #DolarBlue #Dolar https://t.co/4LoDcLS5p1 https://t.co/tS7XNkIFRw",dolar,
26,,1362796718,1591068821627994112,2022-11-11 14:02:22+00:00,['1591068821627994112'],1591068821627994112,,"""D√≥lar Tarjeta, Turista y Coldplay: ¬øcu√°nto queda en el camino? - Por Dami√°n Di Pace - https://t.co/iDsPHVxQL2"" | #DolarBlue #Dolar https://t.co/4LoDcLS5p1 https://t.co/u5C4c7BfEA",dolar,
27,{'media_keys': ['3_1591068673648762881']},164807937,1591068684260634624,2022-11-11 14:01:49+00:00,['1591068684260634624'],1591068684260634624,,"üìåEl d√≥lar se viene devaluando frente a varias monedas hace un mes

#unpasoadelantefxti #d√≥lar #monedaslatinas #analisisbursatil #analisistecnico https://t.co/xwJ4PB16Tg",dolar,
28,,164807937,1591068435596779520,2022-11-11 14:00:50+00:00,['1591068435596779520'],1591068435596779520,,"üìåEl d√≥lar se viene devaluando frente a varias monedas hace un mes

#unpasoadelantefxti #d√≥lar #monedaslatinas #analisisbursatil #analisistecnico https://t.co/EfRIacfAM8",dolar,
29,{'media_keys': ['3_1591068393683255297']},869662267075375109,1591068412477726720,2022-11-11 14:00:44+00:00,['1591068412477726720'],1591068412477726720,,"Hoy Viernes 11 de Noviembre de 2022 el tipo de cambio promedio del d√≥lar en #M√©xico es de

1 #D√≥lar = 19.4013 Pesos
‚áß 0.0045 0.02%

#AbriendoLaConversaci√≥n https://t.co/hIljbGlw4F",dolar,
30,,2192594364,1591068242705096704,2022-11-11 14:00:04+00:00,['1591068242705096704'],1591068242705096704,,El precio del d√≥lar paralelo en este momento 2022-11-11 10:00 AM: 10.6 Bs #venezuela #dolar,dolar,
31,,1234705632927846400,1591066884845277185,2022-11-11 13:54:40+00:00,['1591066884845277185'],1591066884845277185,,"#Econom√≠a | üíµ Hoy viernes 11 de noviembre de 2022 el precio del #d√≥lar en #M√©xico se coloca en un valor promedio nacional de $19.3664 pesos, mientras que el valor de compra en $19.0022 y de venta en $19.7307.
üëâhttps://t.co/2qND0Vxpa5 

https://t.co/ZzzAWdMZHY",dolar,
32,{'media_keys': ['3_1591066062572904448']},1024672891663736832,1591066050958954497,2022-11-11 13:51:25+00:00,['1591066065890865152'],1591066065890865152,1.0246728916637368e+18,"#Frecuencia de palabras en los textos de #economia de #Infobae del 10.11.2022 üìä
1.  #gobierno 83
2.  #d√≥lar 79
3.  #precios 61
4.  #argentina 55
5.  #acuerdo 50
6.  #inflaci√≥n 47
7.  #presidente 41
8.  #massa 39 https://t.co/vTotEcMeJF",dolar,
33,{'media_keys': ['7_1591065347452534787']},726272840027115520,1591065440515948546,2022-11-11 13:48:56+00:00,['1591065440515948546'],1591065440515948546,,"üî¥ As√≠ el #D√≥lar
Compra $18.20
Venta     $19.60
#Morelos
#Cuernavaca https://t.co/rScra4cwpb",dolar,
34,{'media_keys': ['16_1591064931943579648']},117203015,1591064939405266944,2022-11-11 13:46:56+00:00,['1591064939405266944'],1591064939405266944,,#NotiDOA #d√≥lar a la compra en $18.75 y a la venta en $19.86 https://t.co/YrGPV8I3MI,dolar,
35,,196814835,1591064680503582720,2022-11-11 13:45:55+00:00,['1591064680503582720'],1591064680503582720,,"El #dolar sigue bajando en #Colombia 

https://t.co/JoGuLOnVCH",dolar,
36,,1203392606656487424,1591063137159376896,2022-11-11 13:39:47+00:00,['1591063137159376896'],1591063137159376896,,"https://t.co/akkEimfbaK Los PoliBrujas, cortos para narrar el abuso policial en Venezuela. SUSCRIBE para subir m√°s contenido real
#Venezuela #11Nov #Lluvias #Gasolina #Corpoelec #Dolar #Agua #IVSS #CICPC #Video #Anime #Politica #Corruption Plan Vuelta a La Patria Jorge Rodr√≠guez",dolar,
37,{'media_keys': ['3_1591062092559392769']},89485410,1591062131172343808,2022-11-11 13:35:47+00:00,['1591062131172343808'],1591062131172343808,,"AMPLIACI√ìN: Este viernes el d√≥lar opera bajo la modalidad ‚Äònext day‚Äô, sube levemente en la bvc https://t.co/MYSTNK2KHf #dolar https://t.co/DtjYKzSSPP",dolar,
38,{'media_keys': ['3_1591061983230558208']},1440021803058049030,1591062004072337410,2022-11-11 13:35:16+00:00,['1591062004072337410'],1591062004072337410,,"Hoy es viernes 11 de noviembre del a√±o 2022 y estos son algunos datos de inter√©s.

#LaPropuestaDigital #LaPropuestaDigRD #datosdeinteres #diario #noticias #dolar #euro #combustibles #tiempo https://t.co/wiwJjHX0I2",dolar,
39,,1567287154027515905,1590782005373194240,2022-11-11 13:34:55+00:00,['1591061916033896448'],1591061916033896448,202352090.0,"@claudiosavoia #Macri nos hizo mierda y a ver? mostrame algun #twitt pidiendole la #renuncia a el o a #Caputo cuando la inflacion se disparo o cuando el ##dolar se fue al joraca? No haces #periodismo, no enga√±as a nadie sos un operador politico. #Savoia nada",dolar,
40,{'media_keys': ['3_1591060580835680257']},1156597099129135105,1591060583516082176,2022-11-11 13:29:38+00:00,['1591060583516082176'],1591060583516082176,,#D√≥lar | Este es el precio de la divisa estadounidense publicado por el Banco Central de Venezuela (BCV) y las p√°ginas informativas DolarToday y Monitor para este viernes #11Nov. https://t.co/Gra5M5lqzS,dolar,
41,{'media_keys': ['7_1591060154857971720']},999698294401130496,1591038047331946496,2022-11-11 13:28:06+00:00,['1591060197128441856'],1591060197128441856,9.996982944011305e+17,"#D√≥lar Next Day abri√≥ este #viernes 11 de noviembre: $4,805‚öúÔ∏èSe mantiene estable frente a su cierre de jueves en el Spot de $4,805. https://t.co/ZLUGJW3S0B",dolar,
42,{'media_keys': ['3_1591058481133625346']},1422986494701187072,1591059783917850626,2022-11-11 13:26:27+00:00,['1591059783917850626'],1591059783917850626,,"#D√≥lar | Cotizaci√≥n monetaria para hoy #11Nov en Venezuela üáªüá™ : OFICIAL Bs.  9,01 COMERCIAL Bs. 10,55.  En Argentina üá¶üá∑ : 160,73 pesos.
#FelizViernesATodos https://t.co/jUl4w8pD7d",dolar,
43,{'media_keys': ['3_1591059497165922304']},89485410,1591059519840583682,2022-11-11 13:25:24+00:00,['1591059519840583682'],1591059519840583682,,"Este viernes el d√≥lar opera bajo la modalidad ‚Äònext day‚Äô, sube en promedio $2,08 hasta los $4.808,15 https://t.co/sVP2W5gEHM #dolar https://t.co/Sgp3k10kXo",dolar,
44,,95275857,1591059039919579136,2022-11-11 13:23:30+00:00,['1591059039919579136'],1591059039919579136,,"#D√≥lar As√≠ cotiz√≥ este d√≠a el billete verde

https://t.co/WUvjNjhg3j",dolar,
45,,108989345,1591058992406532096,2022-11-11 13:23:18+00:00,['1591058992406532096'],1591058992406532096,,"#D√≥lar As√≠ cotiz√≥ este d√≠a el billete verde

https://t.co/NGSrazcRjZ",dolar,
46,{'media_keys': ['3_1591058457754484736']},1313129376356106247,1591058746205409283,2022-11-11 13:22:20+00:00,['1591058746205409283'],1591058746205409283,,"En la sesi√≥n overnight el tipo de cambio alcanz√≥ un m√≠nimo de $19.2655 y un m√°ximo de $19.4733. En la apertura, el pesoüá≤üáΩ se deprecia 0.54%, cotizando en el mercado spot en alrededor de $19.4145. Es la 2a divisa emergente que presenta mayores p√©rdidas frente al #dolar esta ma√±ana https://t.co/vpa3ecplRk",dolar,
47,,1509292697395220481,1591057929394073601,2022-11-11 13:19:05+00:00,['1591057929394073601'],1591057929394073601,,"TOMA NOTA 
Esta ma√±ana, el tipo de cambio present√≥ una tendencia alcista y cotiza en $19.37, que implica una depreciaci√≥n de 0.27% respecto al cierre previo. Ayer, la paridad cerr√≥ el d√≠a en su menor nivel desde febrero de 2020.
#dolar 
#tipodecambio",dolar,
48,{'media_keys': ['3_1591057533925560320']},756501092096176129,1591057796661153794,2022-11-11 13:18:33+00:00,['1591057796661153794'],1591057796661153794,,"Informaci√≥n operaci√≥n transacciones del D√≥lar [11/11/2022]. 

Somos la fuente oficial del D√≥lar en Colombia para recibir la informaci√≥n del d√≥lar en tiempo real, solicita un Demo en el siguiente link: https://t.co/ldQ7RMjWW4
#dolar #FelizViernesATodos #dolarInformaci√≥n https://t.co/2CzxxnBVyB",dolar,
49,,1551291859703562249,1591057545841750016,2022-11-11 13:17:34+00:00,['1591057545841750016'],1591057545841750016,,"Precio del d√≥lar HOY 11/11/2022 10:20 en Argentina

D√≥lar Blue $292,00
D√≥lar Oficial $167,50
D√≥lar Ahorro $276,38
D√≥lar Turista $293,12
D√≥lar MEP $296,78
D√≥lar CCL $309,08
D√≥lar Qatar $335,00

üåê M√°s info en: https://t.co/dqoIOCbSPs
#dolarblue #dolaroficial #dolarnube #dolar",dolar,
50,,4797772695,1591057378765852674,2022-11-11 13:16:54+00:00,['1591057378765852674'],1591057378765852674,,"#Dolar
Festivo USA.
Dolar opera ND a $ 4,805 en la ‚Äúapertura‚Äù y ya va a $ 4,812 !!
@andresmania",dolar,
51,{'media_keys': ['3_1591057089232879620']},208183828,1591057096971255808,2022-11-11 13:15:46+00:00,['1591057096971255808'],1591057096971255808,,"Buenos d√≠as, empresarios y emprendedores, les compartimos los #IndicadoresEcon√≥micos para hoy 11 de noviembre de 2022.

#IndicadoresVENA #FelizViernes #IndicadoresHoy #Acciones #EconomiaColombia #EuroHoy #D√≥lar #UVR #TRM #Negocios #Dinero #Colombia #MercadoBurs√°til https://t.co/Tb4qpmruwW",dolar,
52,,738857042585210880,1591056996979331073,2022-11-11 13:15:23+00:00,['1591056996979331073'],1591056996979331073,,"La suba del #euro contra el #dolar, lleva 6% en 8 d√≠as. El dato de inflaci√≥n de ayer aceler√≥ la tendencia.",dolar,
53,{'media_keys': ['3_1591056554136068097']},936969055231193088,1591056555826638849,2022-11-11 13:13:37+00:00,['1591056555826638849'],1591056555826638849,,"TASA CAMBIARIA BCV.
Para hoy Viernes 11 de Noviembre del 2.022.
#BCV #DOLAR #EURO https://t.co/rtPqMspvUD",dolar,
54,,1115012822935773184,1591055738331283457,2022-11-11 13:10:57+00:00,['1591055882124636160'],1591055882124636160,149991703.0,"@alferdez En lo que va de a√±o, el dolar subi√≥ un 73.81%
#dato #dolar #argentina",dolar,
55,,931579478794555393,1591055139858587650,2022-11-11 13:08:00+00:00,['1591055139858587650'],1591055139858587650,,"La agenda econ√≥mica con @willykohan: ""Estamos cerrando una semana con mercados bipolares""

#Economia #Mercados #Dolar

https://t.co/y4hgvlxXT3",dolar,
56,,1243143476289683456,1591054494070018049,2022-11-11 13:05:26+00:00,['1591054494070018049'],1591054494070018049,,"üëâLa #Eurozona entrar√° en #recesi√≥n para el √∫ltimo trimestre de este a√±oüö©üá™üá∫

üìâEnt√©rate cu√°nto vale hoy el #dolar y la #liraüìâ

#EURTRY #EURUSD #EURCAD #Canada #canadavisa #Europa #USA #usak #eeuu #Biden #Trump #trump2024 #USD #USDT #Pfizer #Musk #Twitter
https://t.co/ytZpoYsz0d",dolar,
57,{'media_keys': ['3_1591053910768291841']},1381776255243145226,1591053914513752064,2022-11-11 13:03:08+00:00,['1591053914513752064'],1591053914513752064,,"Queman una obra de #FridaKahlo para #vender sus copias como #NFT

https://t.co/BOqRvYsxzC

#b2bfinances #finanzas #Espa√±a #academia #noticias #bolsa #traiding #M√©xico #Venezuela #chile #panama #oro #stamp #news #Per√∫ #Florida #√≠ndices #nft #dinero #dolar #euro #israel https://t.co/1WVyuSarXX",dolar,
58,,52819651,1591053283933573120,2022-11-11 13:00:37+00:00,['1591053283933573120'],1591053283933573120,,"#PortafolioRecomienda

El #D√≥lar en #Colombia ha bajado de los 5.000 pesos en los √∫ltimos d√≠as.

Una de las razones de esto fue la noticia de la menor inflaci√≥n en EE. UU., que llevar√≠a a disminuir o frenar el alza de tasas.

Otras razones, aqu√≠ üëá.
 https://t.co/aNNa9w7ZkF",dolar,
59,{'media_keys': ['3_1591053264002465794']},4055650763,1591053267315789825,2022-11-11 13:00:33+00:00,['1591053267315789825'],1591053267315789825,,"Hoy en #EstadosUnidos üá∫üá≤ es festivo, se conmemora el D√≠a de los Veteranos, por lo tanto, la #TRM se mantiene vigente hasta el pr√≥ximo martes 15 de noviembre. 

Movimiento del #d√≥lar durante la jornada de ayer

Apertura $4891,50
M√°ximo $4901,50
M√≠nimo $4776,30
Promedio $4806,05 https://t.co/d4PXqDc9DG",dolar,
60,,2192594364,1591053139351949316,2022-11-11 13:00:03+00:00,['1591053139351949316'],1591053139351949316,,El precio del d√≥lar paralelo en este momento 2022-11-11 09:00 AM: 10.6 Bs #venezuela #dolar,dolar,
61,{'media_keys': ['3_1577636165368401920']},1223451257660231680,1591053136487219201,2022-11-11 13:00:02+00:00,['1591053136487219201'],1591053136487219201,,Potencia tu inversi√≥n tomando cr√©dito de cauci√≥n! Conoce mas desde https://t.co/FbOwqrtLXA - Accede a nuestro asesoramiento sin cargo extra abriendo tu cuenta desde https://t.co/mX2YPfxrMn #invertir #inversiones #bolsa #mercadodecapitales #ahorro #inversor #oportunidad #d√≥lar https://t.co/1xxSPfzf26,dolar,
62,{'media_keys': ['3_1591050878320054274']},1024672891663736832,1591050865586094082,2022-11-11 12:51:05+00:00,['1591050881927368704'],1591050881927368704,1.0246728916637368e+18,"#Frecuencia de palabras en los textos de #economia de #LaNacion del 10.11.2022 üìä
1.  #argentina 87
2.  #d√≥lar 81
3.  #noviembre 61
4.  #mercado 55
5.  #gobierno 52
6.  #producci√≥n 40
7.  #escuchar 38
8.  #precios 38 https://t.co/CrUdgeBRIi",dolar,
63,,1203392606656487424,1591050370180321280,2022-11-11 12:49:03+00:00,['1591050370180321280'],1591050370180321280,,"https://t.co/pgY82QIYRu Los PoliBrujas, cortos para narrar el abuso policial en Venezuela. SUSCRIBE para subir m√°s contenido real
#Venezuela #11Nov #Lluvias #Gasolina #Corpoelec #Dolar #Agua #IVSS #CICPC #Video #Anime #Politica #Corruption Plan Vuelta a La Patria Jorge Rodr√≠guez",dolar,
64,,1203392606656487424,1591050321463480320,2022-11-11 12:48:51+00:00,['1591050321463480320'],1591050321463480320,,"https://t.co/S38rZHPfG2 Los PoliBrujas, cortos para narrar el abuso policial en Venezuela. SUSCRIBE para subir m√°s contenido real
#Venezuela #11Nov #Lluvias #Gasolina #Corpoelec #Dolar #Agua #IVSS #CICPC #Video #Anime #Politica #Corruption Plan Vuelta a La Patria Jorge Rodr√≠guez",dolar,
65,{'media_keys': ['3_1591049810903269376']},301147415,1591049836778119169,2022-11-11 12:46:56+00:00,['1591049836778119169'],1591049836778119169,,"¬°Feliz viernes!üå•Ô∏è compartimos los principales indicadores econ√≥micos üìäde hoy, 11 de noviembre de 2022.

#BancoW #ParaTiParaTodos #Felizd√≠a #FelizViernes #Fds #FelizFinDeSemana #Econom√≠a #Indicadores #Dolar #Euro #Petroleo #cafe https://t.co/4pTJcg3yM3",dolar,
66,{'media_keys': ['3_1591049670003933185']},105235737,1591049741869387776,2022-11-11 12:46:33+00:00,['1591049741869387776'],1591049741869387776,,"Antes de despedirnos te dejamos los indicadores del d√≠a üòâ 
¬°Feliz fin de semana! üòÅ

#Indicadores #Economia #IPSA #Dolar #Cobre #UF https://t.co/XcltayFUPn",dolar,
67,{'media_keys': ['3_1591049650810896385']},1584990295288168448,1591049653730291712,2022-11-11 12:46:12+00:00,['1591049653730291712'],1591049653730291712,,"Iniciamos el #d√≠a con esta buena entrada en #CRASH 500. Sumando #dolar a la cuenta poco a poco y gestionando el riesgo.

#BuenDia #Traders #TradersDiary #forexmarkets https://t.co/sqMpYrTsud",dolar,
68,,104667895,1591048668198670336,2022-11-11 12:42:17+00:00,['1591048668198670336'],1591048668198670336,,"Antes de iniciar el d√≠a #viernes es muy importante que conozcas el #precio del #d√≥lar 

https://t.co/syrpn97vaZ",dolar,
69,,123879040,1591046546183053315,2022-11-11 12:33:51+00:00,['1591046546183053315'],1591046546183053315,,"COLOMBIA #cotizaci√≥n promedio 11-11-22 en pesos colombianos: 
TRM $4806.07 
üíµ #Dolar $4846.70 
üí∂ #Euro $5070.00 
https://t.co/UTLAh4rVXn",dolar,
70,,1203392606656487424,1591046522543607808,2022-11-11 12:33:45+00:00,['1591046522543607808'],1591046522543607808,,"https://t.co/EyHcAwobaw Los PoliBrujas, cortos para narrar el abuso policial en Venezuela. SUSCRIBE para subir m√°s contenido real
#Venezuela #11Nov #Lluvias #Gasolina #Corpoelec #Dolar #Agua #IVSS #CICPC #Video #Anime #Politica #Corruption Plan Vuelta a La Patria Jorge Rodr√≠guez",dolar,
71,,1203392606656487424,1591046481049313280,2022-11-11 12:33:35+00:00,['1591046481049313280'],1591046481049313280,,"https://t.co/t1qNYW1r2G Los PoliBrujas, cortos para narrar el abuso policial en Venezuela. SUSCRIBE para subir m√°s contenido real
#Venezuela #11Nov #Lluvias #Gasolina #Corpoelec #Dolar #Agua #IVSS #CICPC #Video #Anime #Politica #Corruption Plan Vuelta a La Patria Jorge Rodr√≠guez",dolar,
72,{'media_keys': ['3_1591046008313708545']},281280596,1591046382067933185,2022-11-11 12:33:12+00:00,['1591046382067933185'],1591046382067933185,,"üî¥ #EnNoticiasYa @RadioyaB 1430 AM üó£Ô∏è Jaime Berm√∫dez especialista en finanzas | Efectos de la baja del #dolar ""El d√≥lar toma precio con respecto al peso colombiano debido a la cantidad insuficiente de d√≥lares en el mercado. https://t.co/tIO9pVZu6C",dolar,
73,,923259119993327623,1591046050722500613,2022-11-11 12:31:53+00:00,['1591046050722500613'],1591046050722500613,,"Mano a mano Diego Garc√≠a- ""El Albarrate"" el domingo 4 de diciembre en D√≥lar (Granada) https://t.co/hqgTHMvon6 #Dolar  @DiegoGarciaInf   #Albarrate  @ObjetivoJuanma",dolar,
74,,123879040,1591045137257598976,2022-11-11 12:28:15+00:00,['1591045137257598976'],1591045137257598976,,"BRASIL #cotizaci√≥n promedio 11-11-22 en reales: 
üíµ #Dolar $5.4405 
üí∂ #Euro $5.5877 
https://t.co/eSaEkKB4sJ",dolar,
75,,296877824,1591044905820131330,2022-11-11 12:27:20+00:00,['1591044905820131330'],1591044905820131330,,"TRM Colombia 4,806 pesos por d√≥larüí≤ - #Bitcoin: 17,291 USD - Viernes 11/11/2022 #trm #colombia #dolar #dolarcolombia #bitcoincolombia",dolar,
76,,123879040,1591043491697938434,2022-11-11 12:21:43+00:00,['1591043491697938434'],1591043491697938434,,"MEXICO #cotizaci√≥n promedio 11-11-22 en pesos mexicanos: 
üíµ #Dolar $20.078 
üí∂ #Euro $20.289 
https://t.co/VVOqsohu7I",dolar,
77,,179258512,1591043272339705858,2022-11-11 12:20:50+00:00,['1591043272339705858'],1591043272339705858,,"Y hoy el #d√≥lar seguir√° bajando, no por obras del gobierno, sino por designio #DIVINO , numeral #PetroBastaYa #petrorenuncieYA",dolar,
78,,1551291859703562249,1591042316038729728,2022-11-11 12:17:02+00:00,['1591042316038729728'],1591042316038729728,,"Precio del d√≥lar HOY 11/11/2022 09:20 en Argentina

D√≥lar Blue $292,00
D√≥lar Oficial $167,50
D√≥lar Ahorro $276,38
D√≥lar Turista $293,12
D√≥lar MEP $299,92
D√≥lar CCL $309,34
D√≥lar Qatar $335,00

üåê M√°s info en: https://t.co/dqoIOCbSPs
#dolarblue #dolaroficial #dolarnube #dolar",dolar,
79,{'media_keys': ['7_1591042206353264640']},1548042807293538304,1591042270312087552,2022-11-11 12:16:52+00:00,['1591042270312087552'],1591042270312087552,,"¬°Buenos d√≠as! Estos son los Indicadores econ√≥micos para hoy 11 de Noviembre

#colombia #dolar #indicadores #acciones #econonomia #finanzas #bogota #manizales #huila #Neiva https://t.co/8pjyQYIh7z",dolar,
80,,123879040,1591042153282555909,2022-11-11 12:16:24+00:00,['1591042153282555909'],1591042153282555909,,"CHILE #cotizaci√≥n promedio 11-11-22 en pesos chilenos: 
üíµ #Dolar $921 
üí∂ #Euro $936 
https://t.co/H2or5aDVhN",dolar,
81,,1115012822935773184,1591041993396097025,2022-11-11 12:15:46+00:00,['1591041993396097025'],1591041993396097025,,"Nuevo d√≠a nuevos precios. Dolar a 292.0

#dolar #Argentina",dolar,
82,,1203392606656487424,1591041731252080642,2022-11-11 12:14:43+00:00,['1591041731252080642'],1591041731252080642,,"https://t.co/mUJpdHnA7m Los PoliBrujas, cortos para narrar el abuso policial en Venezuela. SUSCRIBE para subir m√°s contenido real
#Venezuela #11Nov #Lluvias #Gasolina #Corpoelec #Dolar #Agua #IVSS #CICPC #Video #Anime #Politica #Corruption Plan Vuelta a La Patria Jorge Rodr√≠guez",dolar,
83,,1115012822935773184,1590844426993401859,2022-11-11 12:14:43+00:00,['1591041730723422209'],1591041730723422209,149991703.0,"@alferdez ¬øSab√≠as que?
El truco para saber si el dolar va a subir o bajar consiste en fijarte en qu√© pais estas
Si est√°s en Argentina, va a subir

#dolar #argentina",dolar,
84,,202243641,1591041727971803137,2022-11-11 12:14:42+00:00,['1591041727971803137'],1591041727971803137,,¬°Estudio contable Moyental est√° disponible! https://t.co/fhTeIy1pr0 #diadelalealtad #d√≥lar,dolar,
85,,1203392606656487424,1591041671713947650,2022-11-11 12:14:29+00:00,['1591041671713947650'],1591041671713947650,,"https://t.co/G3iNRJ1gUS Los PoliBrujas, cortos para narrar el abuso policial en Venezuela. SUSCRIBE para subir m√°s contenido real
#Venezuela #11Nov #Lluvias #Gasolina #Corpoelec #Dolar #Agua #IVSS #CICPC #Video #Anime #Politica #Corruption Plan Vuelta a La Patria Jorge Rodr√≠guez",dolar,
86,,123879040,1591041149644734465,2022-11-11 12:12:24+00:00,['1591041149644734465'],1591041149644734465,,"URUGUAY #cotizaci√≥n promedio 11-11-22 en pesos uruguayos: 
üíµ #Dolar $41.30 
üí∂ #Euro $42.64 
#Real $9.04 
https://t.co/hm6gF8pofq",dolar,
87,{'media_keys': ['3_1591041130308714497']},1120075057,1591041132078985219,2022-11-11 12:12:20+00:00,['1591041132078985219'],1591041132078985219,,"#Nubox | Indicadores Econ√≥micos diarios correspondiente al 11 de noviembre 2022 by @bcentralchile. 

Toma nota ‚úçÔ∏è

#UF #d√≥lar #euro #pymes #bancocentral https://t.co/GdIMaKzgaF",dolar,
88,,173963390,1591039581972926464,2022-11-11 12:06:11+00:00,['1591039581972926464'],1591039581972926464,,"No se si taaaaan obvio, pero esperable. Un fortalecimiento global del #dolar solo traccionado por diferencial de #tasas, si se espera que la #FED modere sus movimientos alcistas dado el √∫ltimo dato de #inflaci√≥n, se desarman posiciones. https://t.co/8gKtvkry0k",dolar,
89,,1362796718,1591038645728907264,2022-11-11 12:02:27+00:00,['1591038645728907264'],1591038645728907264,,"""Qui√©nes son los expertos que preparan los planes de gobierno de Juntos por el Cambio - infobae"" | #DolarBlue #Dolar https://t.co/4LoDcLS5p1 https://t.co/nnoqn7lEHW",dolar,
90,,1362796718,1591038644613439489,2022-11-11 12:02:27+00:00,['1591038644613439489'],1591038644613439489,,"""Rusia lo hizo: Europeos vienen por el gas de Vaca Muerta - Urgente 24"" | #DolarBlue #Dolar https://t.co/4LoDcLSDez https://t.co/8vl7LcxB4e",dolar,
91,,1362796718,1591038643413688322,2022-11-11 12:02:27+00:00,['1591038643413688322'],1591038643413688322,,"""Wall Street vol√≥ por un √≠ndice y aqu√≠ el canje lleg√≥ al 61% - El Economista"" | #DolarBlue #Dolar https://t.co/4LoDcLS5p1 https://t.co/QMDvr3jnsQ",dolar,
92,,1362796718,1591038642281238529,2022-11-11 12:02:27+00:00,['1591038642281238529'],1591038642281238529,,"""La nueva Toyota Hilux Conquest se vende en Mendoza con este precio - Sitio Andino"" | #DolarBlue #Dolar https://t.co/4LoDcLS5p1 https://t.co/tZYA3R7cWS",dolar,
93,,1362796718,1591038641127976960,2022-11-11 12:02:26+00:00,['1591038641127976960'],1591038641127976960,,"""De la mano de los usados, crecen los pr√©stamos prendarios - Diario R√≠o Negro"" | #DolarBlue #Dolar https://t.co/4LoDcLSDez https://t.co/tS7XNkJdH4",dolar,
94,,1362796718,1591038639756410880,2022-11-11 12:02:26+00:00,['1591038639756410880'],1591038639756410880,,"""Datos personales: detalles del innovador y pol√©mico proyecto que present√≥ el Gobierno - El Cronista"" | #DolarBlue #Dolar https://t.co/4LoDcLSDez https://t.co/OiPrnroGYN",dolar,
95,,1362796718,1591038638502326273,2022-11-11 12:02:26+00:00,['1591038638502326273'],1591038638502326273,,"""Argentina propone una mujer como candidata para el BID - Diario El Dia"" | #DolarBlue #Dolar https://t.co/4LoDcLSDez https://t.co/7zamlsqYAN",dolar,
96,,1362796718,1591038637273219076,2022-11-11 12:02:25+00:00,['1591038637273219076'],1591038637273219076,,"""D√ìLAR: por qu√© el mercado prev√© una mayor devaluaci√≥n del peso - https://t.co/4mws9rrWQk"" | #DolarBlue #Dolar https://t.co/4LoDcLS5p1 https://t.co/tNy39wat0X",dolar,
97,,1362796718,1591038636220358659,2022-11-11 12:02:25+00:00,['1591038636220358659'],1591038636220358659,,"""Inflaci√≥n: Sergio Massa lanza el nuevo acuerdo de precios y los empresarios esperan que se liberen d√≥lares pa... | #DolarBlue #Dolar https://t.co/4LoDcLS5p1 https://t.co/G5DlhCmi3r",dolar,
98,,1362796718,1591038634937188352,2022-11-11 12:02:25+00:00,['1591038634937188352'],1591038634937188352,,"""Todos los detalles de Precios Justos, el nuevo programa de congelamiento que promovi√≥ Sergio Massa - V√≠a Pa√≠s"" | #DolarBlue #Dolar https://t.co/4LoDcLSDez https://t.co/1VNCTMW4L0",dolar,
99,{'media_keys': ['3_1591038596001284096']},1381776255243145226,1591038600052969472,2022-11-11 12:02:16+00:00,['1591038600052969472'],1591038600052969472,,"Un #pa√≠s reconoce a los #NFT como propiedad tras una #demanda #comercial

https://t.co/eOAkphWy9l

#b2bfinances #finanzas #Espa√±a #academia #noticias #bolsa #traiding #M√©xico #Venezuela #chile #panama #oro #stamp #etf #cursos #forex #Crypto #Colombia #dinero #dolar #euro #israel https://t.co/R1lZH0zbS4",dolar,
0,,89589379,1591077162874208256,2022-11-11 14:35:31+00:00,['1591077162874208256'],1591077162874208256,,"La #inflaci√≥n estuvo un poco por debajo de lo previsto, y luego salieron los cohetes: el mejor aumento porcentual de un d√≠a para el S&amp;P 500¬†desde el 6 de abril de 2020, y el mejor aumento porcentual de un d√≠a para el Nasdaq Composi‚Ä¶https://t.co/xb9DxdTKeo https://t.co/KsPOk0hUWk",inflacion,
1,{'media_keys': ['3_1591076922750017537']},274218280,1591076991834406913,2022-11-11 14:34:50+00:00,['1591076991834406913'],1591076991834406913,,"V√≠a @ElFinanciero_Mx:

-Sube Banxico tasa; ven menos duro su mensaje.
- #Inflaci√≥n en #EU desacelera y dispara 'rally' en #WallStreet.
-#YoSiVoyALaMarcha por el INE ser√° de las 'm√°s numerosas': Creel. 
üëá https://t.co/Em7wNvBDMF",inflacion,
2,{'media_keys': ['3_1591076276055457793']},234088034,1591076279511842818,2022-11-11 14:32:00+00:00,['1591076279511842818'],1591076279511842818,,#WallStreet se pinta de verde tras dato de #inflaci√≥n de #EstadosUnidos | https://t.co/YV9218tkqD https://t.co/tmNt99Rg0a,inflacion,
3,{'media_keys': ['3_1591030153198665729']},270329897,1591075779365904384,2022-11-11 14:30:01+00:00,['1591075779365904384'],1591075779365904384,,"Seg√∫n se√±ala el Banco Central Europeo (@ecb ) en su bolet√≠n econ√≥mico mensual, la #inflaci√≥n se mantendr√° por encima del objetivo del 2% durante un per√≠odo prolongado üëâ https://t.co/zVONjlRqpp
#Econom√≠a #Eurozona #IPC https://t.co/DzkgySO6OK",inflacion,
4,{'media_keys': ['3_1591073435060273153']},23377748,1591075777931608065,2022-11-11 14:30:00+00:00,['1591075777931608065'],1591075777931608065,,"El #d√≥lar en #M√©xico cotiza en $18.55 pesos la compra y a $19.29 pesos la venta.

Baja ampliando las p√©rdidas del d√≠a anterior despu√©s de que la #inflaci√≥n de #EU fuera menor de lo esperado, lo que disminuye la probabilidad de que la Fed suba la tasa de inter√©s de forma agresiva. https://t.co/6fAFx3Toon",inflacion,
5,{'media_keys': ['3_1577679443073671169']},1550525846158467072,1591075777034035200,2022-11-11 14:30:00+00:00,['1591075777034035200'],1591075777034035200,,S√∫mate a nuestro canal de Telegram desde https://t.co/vuSgu7LSd9 para recibir la cotizaci√≥n del D√≥lar en tu celular! #inflaci√≥n #dolarlibre #blue #oficial #d√≥lar #dolarmep #dolarblue #argentina #ahorro #devaluaci√≥n #inversi√≥n #bolsa #CCL #mep https://t.co/1raJKa1Dxe,inflacion,
6,,137612440,1591075687905259520,2022-11-11 14:29:39+00:00,['1591075687905259520'],1591075687905259520,,"Sigue #Banxico los pasos de la Fed y lleva su tasa de referencia a 10%  ¬†

Especialistas prev√©n que termine 2022 en 10.50 y alcance 10.75 en el primer trimestre de 2023
#inflaci√≥n
https://t.co/e2flIzf8U1",inflacion,
7,,187575776,1590759805752209408,2022-11-11 14:28:36+00:00,['1591075424200949761'],1591075424200949761,7.483348289788396e+17,"@alferdezprensa @alferdez @EmmanuelMacron La guerra contra la #Inflacion la perdiste, no creo puedas ganar esta que implica armamento, militares, etc.",inflacion,
8,{'media_keys': ['3_1591068099264102400']},30794597,1591075230394482692,2022-11-11 14:27:50+00:00,['1591075230394482692'],1591075230394482692,,"üì£ Resultados de la encuesta de expectativas econ√≥micas IMEF en noviembre 2022

‚û°Ô∏è https://t.co/zXJHOByHZ7

#PIB #Inflaci√≥n #Tipodecambio #Econom√≠a #IndicadoresEcon√≥micos #Finanzas https://t.co/CEN8zh5MxB",inflacion,
9,,1240367080232439811,1591074528087736320,2022-11-11 14:25:02+00:00,['1591074528087736320'],1591074528087736320,,"#PIB de UK se publica mejor a lo esperado y trae cierta calma. La econom√≠a brit√°nica se contrajo un -0,2% un mejor n√∫mero a lo esperado en los tres meses hasta septiembre.

https://t.co/LdayzqaAAE 

#Inflacion #BOE #GBP #GBPUSD #FTSE #StockMarket #trading #traders",inflacion,
10,,315416006,1591074031113240576,2022-11-11 14:23:05+00:00,['1591074037358559233'],1591074037358559233,315416006.0,"üí≠ ¬øC√≥mo te afectaron estos aumentos?

üì≤ Para m√°s informaci√≥n visit√° nuestro sitio web: https://t.co/hOEeKT9HOK

#IBP #precios #CBA #CBT #economia #inflacion #aumentos #alimentos",inflacion,
11,,1550525846158467072,1591073520691605504,2022-11-11 14:21:02+00:00,['1591073520691605504'],1591073520691605504,,"Cotizaci√≥n MEP 298,59

Oper√° desde https://t.co/WuSDVX0WB3

#usd #Dolar #dolarmep #dolarblue #argentina #ahorro #bolsa #inversiones #devaluacion #inflacion #dolarbolsa #mep",inflacion,
12,"{'media_keys': ['3_1591073277438484482', '3_1591073277732175872', '3_1591073277765632001', '3_1591073278017290240']}",27177508,1591073287760936960,2022-11-11 14:20:07+00:00,['1591073287760936960'],1591073287760936960,,"El aumento a la Tasa de referencia anunciado ayer por el 
@Banxico es el foco de atenci√≥n; sin embargo, no hay que perder de vista en el descenso de la #Inflaci√≥n en varias econom√≠as. Inf√≥rmense en las #PrimerasPlanas de hoy. üì∞ https://t.co/MvRieA65KQ",inflacion,
13,,88537980,1591073258975043586,2022-11-11 14:20:00+00:00,['1591073258975043586'],1591073258975043586,,"üáªüá™ | La inflaci√≥n en Venezuela podr√≠a llegar al 200% al finalizar el a√±o, seg√∫n expertos.

Conoce todo aqu√≠ ‚¨áÔ∏è:
https://t.co/GE92SaHj8R

#Venezuela #Inflaci√≥n #Econom√≠a",inflacion,
14,,632210837,1591072931136036866,2022-11-11 14:18:44+00:00,['1591072939331375104'],1591072939331375104,632210837.0,"#Inflaci√≥n #Costos #Transporte Ricardo Squartini, presidente de #Aprocam ""Para el mes de noviembre, teniendo en cuenta el aumento de sueldo, estimamos que el costo del sector rondar√° el 9.5% y octubre dio el 5.52%"". #HoyPorHoy",inflacion,
15,,632210837,1591072931136036866,2022-11-11 14:18:43+00:00,['1591072936555089922'],1591072936555089922,632210837.0,"#Inflaci√≥n #Costos #Transporte Ricardo Squartini, presidente de #Aprocam ""Nos afecta aumento de combustible, neum√°ticos, lubricantes, material rodante, costo financiero"". #HoyPorHoy",inflacion,
16,,632210837,1591072931136036866,2022-11-11 14:18:42+00:00,['1591072933824561152'],1591072933824561152,632210837.0,"#Inflaci√≥n #Costos #Transporte Ricardo Squartini, presidente de #Aprocam ""Hasta el mes de octubre no estaba incluido el aumento de paritarias, viene ahora con el 27%"". #HoyPorHoy",inflacion,
17,,632210837,1591072931136036866,2022-11-11 14:18:42+00:00,['1591072931136036866'],1591072931136036866,,"#Inflaci√≥n #Costos #Transporte Hablamos con Ricardo Squartini, presidente de #Aprocam, Asociaci√≥n de Propietarios de Camiones. #HoyPorHoy",inflacion,
18,{'media_keys': ['3_1591072656383672320']},54070658,1591072658988437505,2022-11-11 14:17:37+00:00,['1591072658988437505'],1591072658988437505,,"La #inflaci√≥n general baja en octubre. Anticipando q la inflaci√≥n en üá≤üáΩ haya ya pasado su m√°ximo.

Lo preocupante es q la inflaci√≥n #subyacente o estable siga subiendo y sin visos d moderaci√≥n.
üìà
El problema inflacionario en #M√©xico no ha acabado. Las tasas seguir√°n subiendo.
üìà https://t.co/1svFr12UBV",inflacion,
19,,1576629207379083264,1591072046942920712,2022-11-11 14:15:11+00:00,['1591072046942920712'],1591072046942920712,,#Banxico se saca un 10‚Ä¶ por ciento para la tasa de inter√©s y establece nuevo r√©cord https://t.co/rAWuG2ItpJ #econom√≠a #inflaci√≥n #tasadeinter√©s,inflacion,
20,{'media_keys': ['16_1591071638707126272']},561376286,1591071649834889216,2022-11-11 14:13:36+00:00,['1591071649834889216'],1591071649834889216,,"#Inflaci√≥n | Cuando hablamos de inflaci√≥n, hay dos formas de analizar la incidencia anual:
1. Por Clasificaci√≥n del Consumo Individual por Finalidades (CCIF) y
2. Desagregando los componentes del √≠ndice Nacional de Precios del Consumidor (INPC) 
üßµ(1/6) https://t.co/evhatAufWt",inflacion,
21,{'media_keys': ['3_1591070938585567232']},939314041402658816,1591070945229565952,2022-11-11 14:10:48+00:00,['1591070945229565952'],1591070945229565952,,"Las 7 claves de ""Precios Justos"" #Economia #inflacion En: https://t.co/R2K1QnoneR https://t.co/mjafX0U2Hx",inflacion,
22,,3739600212,1591070301382901766,2022-11-11 14:08:15+00:00,['1591070301382901766'],1591070301382901766,,"IMEFOficial: üì£ Resultados de la encuesta de expectativas econ√≥micas IMEF en noviembre 2022

‚û°Ô∏è https://t.co/CUfecCUc10

#PIB #Inflaci√≥n #Tipodecambio #Econom√≠a #IndicadoresEcon√≥micos #Finanzas https://t.co/RH4f41zp3Z",inflacion,
23,,4175713030,1590851840501252096,2022-11-11 14:07:09+00:00,['1591070026878005248'],1591070026878005248,27515656.0,"@juancabandie #Inflacion 100% Ajustazo de Massa, hablen de cosas que nos importan! Basta de circo!",inflacion,
24,{'media_keys': ['3_1591069954559844353']},1163181943657246722,1591069956472328192,2022-11-11 14:06:52+00:00,['1591069956472328192'],1591069956472328192,,"üí∞| #HTeconomia | Pa√≠ses pobres consumen solo alimentos b√°sicos por la inflaci√≥n, advierte FAO.

M√°s informaci√≥n ‚ñ∂Ô∏è https://t.co/pnLeWvzBjC

#htnoticias  #alimentos #Economia #FAO #Inflacion #pobres https://t.co/QgQO7hFm3C",inflacion,
25,{'media_keys': ['3_1591068706997682176']},348004570,1591069554788429825,2022-11-11 14:05:17+00:00,['1591069554788429825'],1591069554788429825,,"‚ñ∂Ô∏è #Econom√≠a

Los sueldos quedaron apenas por encima de la #inflaci√≥n del mes, pero siguen por debajo del aumento del costo de vida en 2022.

üëâ https://t.co/5u1iRkDCo8

#SomosPymes #PyMES #Salarios #Septiembre2022 #INDEC #SectorP√∫blico #Privados #NoRegistrados #Econom√≠aArgentina https://t.co/QSMjssARAB",inflacion,
26,,230123496,1591068722546057219,2022-11-11 14:01:58+00:00,['1591068722546057219'],1591068722546057219,,"üîµ Carlos Torres Vila, presidente de @bbva, ha indicado que ""la #inflaci√≥n es la clave y de eso depender√° la pol√≠tica monetaria del @ecb"" en el encuentro organizado por @AlumniDBA, donde se ha abordado el contexto econ√≥mico y los retos de la #econom√≠a. ‚¨á https://t.co/32SKSVCIrM",inflacion,
27,,851307269337829376,1591068655462252565,2022-11-11 14:01:42+00:00,['1591068655462252565'],1591068655462252565,,"üö´ #CABA En el Presupuesto aprobado de la Ciudad para el 2023, las #Patentes y el #ABL se seguir√°n ajustando por #inflaci√≥n. Para tus oblig s√≠ aplican esta referencia. Para actualizar la devoluci√≥n de impuestos, retenciones, percepciones y pagos a cuenta entre otras, no ‚ÄºÔ∏è",inflacion,
28,,865220804077858817,1591068390340313089,2022-11-11 14:00:39+00:00,['1591068390340313089'],1591068390340313089,,#An√°lisisdelaSemana de #MasContainer con la #inestabilidad #pol√≠tica y la #inflaci√≥n #general que seguir√°n afectando el #gasto #general de los #consumidores por al menos todo el pr√≥ximo a√±o  https://t.co/XH92ZvLNOA,inflacion,
29,{'media_keys': ['3_1591027229814841344']},270329897,1591068234178076673,2022-11-11 14:00:02+00:00,['1591068234178076673'],1591068234178076673,,"El @BancoDeEspana  advierte de que la probabilidad de recesi√≥n ha aumentado.El organismo achaca este hecho al crecimiento de la #inflaci√≥n y al endurecimiento de las condiciones financieras ‚û°Ô∏è https://t.co/oa0cSLJZLV
#Espa√±a #Econom√≠a #Mercados https://t.co/NEQVG8Oe0q",inflacion,
30,,702759139,1591068229438349312,2022-11-11 14:00:01+00:00,['1591068229438349312'],1591068229438349312,,"Supeco, la baza de Carrefour para extender su modelo low cost https://t.co/mNoCthGV2W 
#Supeco #supermercados #lowcost #inflacion @CarrefourGroup @CarrefourES #Retail #FoodRetail",inflacion,
31,{'media_keys': ['3_1591068099264102400']},717057578,1591068141702246403,2022-11-11 13:59:40+00:00,['1591068141702246403'],1591068141702246403,,"üì£ Resultados de la encuesta de expectativas econ√≥micas IMEF en noviembre 2022

‚û°Ô∏è https://t.co/l8HBABZSAW

#PIB #Inflaci√≥n #Tipodecambio #Econom√≠a #IndicadoresEcon√≥micos #Finanzas https://t.co/2z5lIDCRzk",inflacion,
32,{'media_keys': ['3_1591067947329617925']},179659004,1591068094075527168,2022-11-11 13:59:28+00:00,['1591068094075527168'],1591068094075527168,,"üë®üèª‚Äçüåæüë©üèª‚Äçüåæ #Inflacion | Peones rurales solicitan reapertura de paritarias y bono de fin de a√±o

üìå https://t.co/OvHPyXkMIb https://t.co/FRkFJAdIIp",inflacion,
33,,1545451533780848641,1591068070461804546,2022-11-11 13:59:23+00:00,['1591068070461804546'],1591068070461804546,,"El programa #PreciosJustos  busca garantizar la venta de bienes a un valor con una variaci√≥n constante  

#Inflaci√≥n  #PreciosCuidados  #Alimentos  #Limpieza #Higiene 

https://t.co/AFJeepOzVH",inflacion,
34,,397334907,1591067821303549952,2022-11-11 13:58:23+00:00,['1591067821303549952'],1591067821303549952,,"La realidad del pa√≠s es vergonzosa. La realidad de un gobierno vergonzoso que anuncia un 15,62 % de aumento a los jubilados, pasando a cobrar los de la minima un monto cercano a los $50.000. Preocupados por los que menos tienen?
#Jubilados #Inflaci√≥n #ElPeorGobiernoDeLaHistoria https://t.co/Mtt9RCzvZV",inflacion,{'place_id': '004b853c78703c20'}
35,"{'media_keys': ['3_1591067748947447809', '3_1591067748951523328', '3_1591067748934762503']}",1348986365824917510,1591067753045454850,2022-11-11 13:58:07+00:00,['1591067753045454850'],1591067753045454850,,"Agradezco a la Asociaci√≥n Cibao de Ahorros y Pr√©stamos @ACAPdom por invitarme a disertar la conferencia ‚ÄúEntorno Global y Perspectivas de la Econom√≠a Dominicana‚Äù. 

#Mag√≠nD√≠az #Macroeconomia #Economia #Inflacion  #RepublicaDominicana #PoliticaMonetaria #Energia https://t.co/zZWIJdteTG",inflacion,
36,,728321946803421185,1591067717209055234,2022-11-11 13:57:59+00:00,['1591067717209055234'],1591067717209055234,,"El programa #PreciosJustos  busca garantizar la venta de bienes a un valor con una variaci√≥n constante  

#Inflaci√≥n  #PreciosCuidados  #Alimentos  #Limpieza #Higiene 

https://t.co/p9DIPtxIwe",inflacion,
37,,1545170673286479877,1591067497612169217,2022-11-11 13:57:06+00:00,['1591067497612169217'],1591067497612169217,,"El programa #PreciosJustos  busca garantizar la venta de bienes a un valor con una variaci√≥n constante  

#Inflaci√≥n  #PreciosCuidados  #Alimentos  #Limpieza #Higiene 

https://t.co/HX5Z1GbETY",inflacion,
38,,1481770432063754241,1591066862481469440,2022-11-11 13:56:00+00:00,['1591067218389110784'],1591067218389110784,1.4817704320637542e+18,"Sin embargo, las exportaciones de GNL del pa√≠s est√°n aumentando antes del invierno, cuando se espera que el clima fr√≠o estimule la demanda y reduzca la oferta mundial. #Europa #Rusia #EstadosUnidos #Chile #America #Energia #Ucrania #Gas #Crisis #Economia #Inflacion #Tecnologia",inflacion,
39,,4872543532,1591067155545874432,2022-11-11 13:55:45+00:00,['1591067155545874432'],1591067155545874432,,"El programa #PreciosJustos  busca garantizar la venta de bienes a un valor con una variaci√≥n constante  

#Inflaci√≥n  #PreciosCuidados  #Alimentos  #Limpieza #Higiene 

https://t.co/xPsrm5PFOe",inflacion,
40,{'media_keys': ['3_1591066915325284353']},1314256209688526848,1591066985085161473,2022-11-11 13:55:04+00:00,['1591066985085161473'],1591066985085161473,,"√öltima hora | De Guindos alerta de que los mercados ""exageran"" por el dato de #inflaci√≥n de EEUU 

https://t.co/1GD9eKgf1T https://t.co/sqT8g0T5Oq",inflacion,
41,,728330865235873793,1591066329561407490,2022-11-11 13:52:28+00:00,['1591066329561407490'],1591066329561407490,,"El programa #PreciosJustos  busca garantizar la venta de bienes a un valor con una variaci√≥n constante  

#Inflaci√≥n  #PreciosCuidados  #Alimentos  #Limpieza #Higiene 

https://t.co/ZswRV2luwm",inflacion,
42,{'media_keys': ['3_1591066062572904448']},1024672891663736832,1591066050958954497,2022-11-11 13:51:25+00:00,['1591066065890865152'],1591066065890865152,1.0246728916637368e+18,"#Frecuencia de palabras en los textos de #economia de #Infobae del 10.11.2022 üìä
1.  #gobierno 83
2.  #d√≥lar 79
3.  #precios 61
4.  #argentina 55
5.  #acuerdo 50
6.  #inflaci√≥n 47
7.  #presidente 41
8.  #massa 39 https://t.co/vTotEcMeJF",inflacion,
43,,825075204619649024,1591066039185731585,2022-11-11 13:51:18+00:00,['1591066039185731585'],1591066039185731585,,"Las claves de la semana en los #mercados y #bolsas, colaboraci√≥n con @rintereconomia y @CriadoSusana    
Actualidad: colapso del exchange #FTX, desplome en el mercado #cripto, datos de #inflaci√≥n, elecciones en #EEUU y atentos a los bancos centrales. https://t.co/Oe8rX8mThv",inflacion,
44,,4175713030,1590772344141725696,2022-11-11 13:48:28+00:00,['1591065322806603776'],1591065322806603776,8565932.0,"@Sabbatella @CFKArgentina #Inflacion.Massa todo HUMO!  130.000 muertos este gob no trajo TODAS LAS VACUNAS y hubo Vacunatorio Vip con las que trajo, organizo fiestas en Olivos mientras nosotros no pod√≠amos ver ni ayudar a seres queridos que estaban enfermos! Hagan algo! Llamen a elecciones anticipadas!",inflacion,
45,,34639484,1591064513582964737,2022-11-11 13:45:15+00:00,['1591064513582964737'],1591064513582964737,,"üí∞ |#Econom√≠aDL| Los sindicalistas consideran que el acuerdo debe contemplar un primer aumento de 25 % en el corriente 2022

#DiarioLibre #Salarios #Sindicalistas #AumentoSalarial #Inflaci√≥n https://t.co/kMq2z88xOn",inflacion,
46,{'media_keys': ['7_1590558233256763394']},1555758427120476163,1591064451179941888,2022-11-11 13:45:00+00:00,['1591064451179941888'],1591064451179941888,,Tendr√≠amos que pensar en un conjunto coordinado de pol√≠ticas y la pol√≠tica crediticia puede ser una de ellas: M√≥nica Mimbrera sobre #inflaci√≥n en nuestro podcast Coyuntura Econ√≥mica. https://t.co/LUjl8d1xH8,inflacion,
47,,1398690715933327366,1591063632280162305,2022-11-11 13:41:45+00:00,['1591063632280162305'],1591063632280162305,,"#Paritarias #Esquel El #SOEME pretende que el salario de los empleados municipales no pierdan poder adquisitivo, por lo que buscar√°n que el #aumento del 2022 empate al de la #inflaci√≥n.
https://t.co/Al4hVRc3xP",inflacion,
48,{'media_keys': ['3_1591062624405528576']},1144260249282666497,1591062627572121601,2022-11-11 13:37:45+00:00,['1591062627572121601'],1591062627572121601,,"As√≠ ser√° el programa Precios Justos, que lanzar√° el Gobierno Nacional para frenar la inflaci√≥n | News Digitales

üî¥Lee la nota completa ac√°:
 https://t.co/95uGiZqJQJ #gobiernonacional #inflaci√≥n #preciosjustos #programa https://t.co/GhG3gm6pdA",inflacion,
49,,104667895,1591061279522713600,2022-11-11 13:32:24+00:00,['1591061279522713600'],1591061279522713600,,"La #inflaci√≥n podr√≠a entrar en el intervalo de variabilidad de la meta en el primer trimestre de 2024. #Econom√≠a 

Aqu√≠ te compartimos la #columna de #opini√≥n de @allizesalgado . 

https://t.co/ZbCp22aHDs",inflacion,
50,{'media_keys': ['3_1591061166515662849']},62834119,1591061266348806145,2022-11-11 13:32:21+00:00,['1591061266348806145'],1591061266348806145,,"Tras darse a conocer que la #inflaci√≥n volvi√≥ a bajar en Estados Unidos, los mercados accionarios en #WallStreet tuvieron un fuerte rebote. El Dow Jones avanz√≥ 3.7%, el NASDAQ 7.35 y el Standard &amp; Poor 5.54%. La #BolsaMexicana subi√≥ 0.96%. https://t.co/hNDf2e6Ye7",inflacion,
51,,326403322,1591060986873749505,2022-11-11 13:31:14+00:00,['1591060986873749505'],1591060986873749505,,"üá¨üáπ GUATEMALA üá¨üáπ
La inflaci√≥n interanual ya lleg√≥ a 9.7%
https://t.co/fbMj0LTGW3
 #Econom√≠a #Inflaci√≥n",inflacion,
52,,108335504,1591060692626391040,2022-11-11 13:30:04+00:00,['1591060692626391040'],1591060692626391040,,"‚ùì¬øSe aproxima una pausa de la Fed?

Aunque el √∫ltimo dato de #inflaci√≥n estadounidenseüá∫üá∏ es m√°s moderado de lo esperado, las gestores internacionalesüåé piden no dejarse llevar por la narrativa optimista.

#FundsPeoplePerspectivas

https://t.co/MLpXe7fk5Q",inflacion,
53,{'media_keys': ['3_1591021303980490752']},270329897,1591060679762378752,2022-11-11 13:30:01+00:00,['1591060679762378752'],1591060679762378752,,"El #IPC de #EstadosUnidos se aleja de los m√°ximos anuales (+7,7% en octubre), pero tal y como se√±alan analistas de Bankinter: ""persisten las presiones inflacionistas de demanda"" üëâ https://t.co/IQ69QMAa6d
#Econom√≠a #Inflaci√≥n #Mercados https://t.co/Vv7MAdfUIH",inflacion,
54,{'media_keys': ['7_1591056552999456772']},1087435352153952256,1591060624821608449,2022-11-11 13:29:48+00:00,['1591060624821608449'],1591060624821608449,,"Pol√©mico: Fernanda Raverta afirm√≥ que las jubilaciones le ganan a la inflaci√≥n

#Pol√≠tica #Raverta #ANSES #Jubilaciones #Inflaci√≥n #Todos #FrenteDeTodos #Peronismo #PJ #Sociedad https://t.co/EdK3SQ9qSp",inflacion,
55,{'media_keys': ['3_1591048721256648704']},339442471,1591057455626465280,2022-11-11 13:17:12+00:00,['1591057455626465280'],1591057455626465280,,"¬°#FelizViernesATodos! Hoy #EnPortadaEF destacamos:

üìçSube Banxico tasa; ven menos duro su mensaje.
üìç #Inflaci√≥n en #EU desacelera y dispara 'rally' en #WallStreet.
üìç#YoSiVoyALaMarcha por el INE ser√° de las 'm√°s numerosas': Creel.

M√°s noticias: ‚Ä¶ https://t.co/Y83VN3Wu2F",inflacion,
56,{'media_keys': ['3_1591055891448602625']},443877711,1591057029892050952,2022-11-11 13:15:30+00:00,['1591057029892050952'],1591057029892050952,,"Hoy la canasta b√°sica para los üá®üá¥colombianos es $112.178 m√°s alta que a principios de a√±o.

Parte de los productos consumidos en la canasta b√°sica son importados y el precio se ha visto afectado por la tasa de cambio.

#Inflaci√≥n de 12.2%, no se ve√≠a desde marzo de 1999. https://t.co/lMPNFqUn6Q",inflacion,
57,,1529218394234335232,1591056084185534465,2022-11-11 13:11:45+00:00,['1591056084185534465'],1591056084185534465,,"Econom√≠a: La Canasta Navide√±a viene con un 100% de inflaci√≥n 
#CanastaNavide√±a #econom√≠a #inflacion #productos
https://t.co/7mBNLdl8Gp",inflacion,
58,,1337395234762878978,1591055150306988035,2022-11-11 13:08:02+00:00,['1591055150306988035'],1591055150306988035,,"El BdE prev√© que el PIB no alcanzar√° niveles prepand√©micos antes de 2024
üá™üá∏üá™üá∏üá™üá∏

#BdE #BancodeEspa√±a #PIB #pandemia #inflaci√≥n #recesi√≥n #previsiones #Econom√≠a #baha #noticiasbaha #bahaespanol #Noticias #Actualidad 

M√°s informaci√≥n üëáüëáüëá
https://t.co/CNTQVQTvqo",inflacion,
59,,1388187728886521870,1591054770152034304,2022-11-11 13:06:32+00:00,['1591054770152034304'],1591054770152034304,,Los #Salarios pierden casi 5 puntos contra la #Inflaci√≥n [https://t.co/eOosgmg3la] @INDECArgentina #Indec #Economia,inflacion,
60,,88537980,1591054636244471810,2022-11-11 13:06:00+00:00,['1591054636244471810'],1591054636244471810,,"üáªüá™ | La aceleraci√≥n de la inflaci√≥n en el segundo semestre del a√±o en Venezuela ha sido muy importante. Por ello prev√© que puede cerrar en 200%.

Descubre toda la informaci√≥n aqu√≠ ‚¨áÔ∏è:
https://t.co/GE92SaYUxr

#Venezuela #Inflaci√≥n #Econom√≠a",inflacion,
61,{'media_keys': ['7_1591046838349889536']},1449750495028027392,1591054468031959041,2022-11-11 13:05:20+00:00,['1591054468031959041'],1591054468031959041,,#Mercados criptogr√°ficos ven publicaci√≥n de recuperaci√≥n notable Publicaci√≥n de datos #CPI: actualizaci√≥n diaria de precios 11.11.22 #Inflaci√≥n #FTX https://t.co/qyBaZbr0CC https://t.co/sCaOFoyqS5,inflacion,
62,,326168626,1591053969560043521,2022-11-11 13:03:21+00:00,['1591053969560043521'],1591053969560043521,,"Al margen de si t√©cnicamente hay √≥ no #recesi√≥n , la #inflaci√≥n qu√© dicen qu√© hay oficialmente, etc. La cosa se puede poner muy mal entre unas cosas y otras, esto es una caja de bombas nucleares. #econom√≠a #Espa√±a #deficit #DeudaPublica  . El peor #karma para @NadiaCalvino",inflacion,
63,,1173501470345445376,1591053653590552576,2022-11-11 13:02:06+00:00,['1591053653590552576'],1591053653590552576,,"Despu√©s de las #elecciones intermedias, #Biden fija una ruta de colaboraci√≥n bipartidista con los #republicanos en temas de #guerra y austeridad
#democrats #EEUU #OTAN #GuerraEnUcrania #inflacion #Huelga 
https://t.co/HlOYpvP8KT",inflacion,
64,{'media_keys': ['3_1591053229948813315']},14281819,1591053232964411393,2022-11-11 13:00:25+00:00,['1591053232964411393'],1591053232964411393,,"üá©üá™ La #inflaci√≥n de #Alemania toca un nuevo r√©cord en octubre: escala hasta el 10,4% https://t.co/2x7uRmT3Cq https://t.co/V4c2OdcraE",inflacion,
65,,1234943918229393411,1591053140413095938,2022-11-11 13:00:03+00:00,['1591053140413095938'],1591053140413095938,,"La #inflaci√≥n vuelve a subir en #Brasil, tras tres meses en negativo https://t.co/mUxwulzxTw",inflacion,
66,{'media_keys': ['3_1590078417025875969']},2570064233,1591053137258766336,2022-11-11 13:00:02+00:00,['1591053137258766336'],1591053137258766336,7.08324971475542e+17,"@PosgradosUCES  te invita a participar de la Evaluaci√≥n de proyectos de inversi√≥n con inflaci√≥n e incertidumbre. 

üëâEl mismo iniciar√° el 18 de Noviembre.

üëâInformes: 114144-7291 /educacionejecutiva@uces.edu.ar

#UCES #educacion #posgrado #inflacion https://t.co/iWP2MeXmw8",inflacion,
67,{'media_keys': ['3_1591048721256648704']},119051398,1591053131378556929,2022-11-11 13:00:01+00:00,['1591053131378556929'],1591053131378556929,,"¬°#FelizViernesATodos! Hoy #EnPortadaEF destacamos:

üìçSube Banxico tasa; ven menos duro su mensaje.
üìç #Inflaci√≥n en #EU desacelera y dispara 'rally' en #WallStreet.
üìç#YoSiVoyALaMarcha por el INE ser√° de las 'm√°s numerosas': Creel.

M√°s noticias: https://t.co/mBH74D0vjc https://t.co/pPNFccBSdP",inflacion,
68,,4081655147,1591052120765386752,2022-11-11 12:56:00+00:00,['1591052120765386752'],1591052120765386752,,"'Despu√©s de varios meses amagando con la moderaci√≥n por fin en octubre la ca√≠da de la #inflaci√≥n de #EEUU supera las expectativas de los #analistas' üëá

Jes√∫s S√°ez, responsable de mercados de capitales para Iberia de @natixis v√≠a @CincoDiascom 

https://t.co/jtfk1Aza9q",inflacion,
69,,1253128846460833793,1591051459495432193,2022-11-11 12:53:22+00:00,['1591051459495432193'],1591051459495432193,,"#Alemaniaüá©üá™ alcanz√≥ un pico de 10,4% de #inflaci√≥n en #octubre, el m√°ximo hist√≥rico desde 1990

üîµEnterate m√°s haciendo click en el siguiente link ‚¨áÔ∏è

https://t.co/KZXm47vjRV",inflacion,
70,,1388187728886521870,1591051385621348352,2022-11-11 12:53:05+00:00,['1591051385621348352'],1591051385621348352,,Nuevo acuerdo de precios: @SergioMassa presenta #PreciosJustos [https://t.co/sU1yYipX87] #Inflaci√≥n #SiAumentanNoCompres #Economia,inflacion,
71,,1146044014568886272,1591050692843958272,2022-11-11 12:50:20+00:00,['1591050692843958272'],1591050692843958272,,"Precios Justos: todos los detalles del programa para controlar la inflaci√≥n 
#Gobierno #Inflacion #PreciosJustos #Ahora 
https://t.co/J0Sq4UjlxO a trav√©s de @elpaisdiario",inflacion,
72,,2170867208,1591050056097931264,2022-11-11 12:47:48+00:00,['1591050056097931264'],1591050056097931264,,"No es un acto de #Justicia: Pero lo bautizan #PreciosJustos. Otro acuerdo, otro intento, otra prueba frustrante y otra vez lo mismo que ya se prob√≥ con otros nombres. Se supone que la denuncia del incumplimiento ser√≠a el cambio m√°s fuerte. Otro parche que no frena la #Inflaci√≥n.",inflacion,
73,{'media_keys': ['3_1591044231380013059']},254611669,1591049351794634752,2022-11-11 12:45:00+00:00,['1591049351794634752'],1591049351794634752,,"Precios Justos: c√≥mo ser√° el programa que lanzar√° hoy el Gobierno

#PreciosJustos #Lanzamiento #Massa #Anuncio #Inflaci√≥n #Precios #Compras #Econom√≠a #ValleDeUco #ElCucoDigital  
    
https://t.co/uRFGZIPB8i https://t.co/HZkjE2waoI",inflacion,
74,{'media_keys': ['3_1591048951872081922']},1314256209688526848,1591048995803222018,2022-11-11 12:43:35+00:00,['1591048995803222018'],1591048995803222018,,"Europa pincha en sus previsiones al hablar del corte de la energ√≠a rusa: desconoce c√≥mo impactar√≠a

#europa #energia #inflacion #corteenergiarusa #energiarusa #Gentiloni
https://t.co/bmZVN8UKqW https://t.co/uv9286OiYS",inflacion,
75,{'media_keys': ['3_1591045776549023745']},834823812755628032,1591046073157836801,2022-11-11 12:31:58+00:00,['1591046073157836801'],1591046073157836801,,"‚Äú#Trabajo con insumos para una semana‚Äù: la falta de #d√≥lares y la #inflaci√≥n, en el foco de la reuni√≥n de la #UIA üí™‚öôÔ∏èhttps://t.co/npLUbZYBbc‚¨ÖÔ∏è
#Viernes #ViernesDeGanarSeguidores #FelizViernes #BuenViernes https://t.co/6IzNG1GEra",inflacion,
76,,72079608,1591045496499367936,2022-11-11 12:29:41+00:00,['1591045496499367936'],1591045496499367936,,"#EEUU Para todas aquellas personas que se rasgan las vestiduras y se excitan por alguna #recesion en aquel pa√≠s... pues aqu√≠ les tenemos estas noticias de #Inflacion 

#Economia #Finanzas #CanastaBasica 

https://t.co/9FRdhSjT4u",inflacion,
77,,1520384751294636032,1591045001102123011,2022-11-11 12:27:43+00:00,['1591045001102123011'],1591045001102123011,,Ayer recibimos resultados de #inflaci√≥n en Usa üá∫üá∏ y el d√≥lar retrocedi√≥ en todo el mundo. Ahora en #Colombia üá®üá¥ los petristas dicen que es por la reforma tributaria üòÇ igual de gracioso que los uribistas que culpaban a #Petro por el alza del #USD,inflacion,
78,,3206698373,1591043538061492230,2022-11-11 12:21:54+00:00,['1591043538061492230'],1591043538061492230,,"#Inflacion .Demoran tanto en ejecutar un plan ( o plancito) para frenar la inflaci√≥n, que los remarcadores de precios ya hicieron lo que siempre hacen y seguir√°n haciendo atentando contra el bienestar de los argentinos. Hay Ministros que no funcionan.",inflacion,
79,,132879538,1591042513816756225,2022-11-11 12:17:50+00:00,['1591042513816756225'],1591042513816756225,,S&amp;P 500: Sigue el optimismo y la ca√≠da del d√≥lar https://t.co/JgwvkAV4ku #SP500 #Bolsas #√çndiceD√≥lar #Inflaci√≥n,inflacion,
80,{'media_keys': ['3_1591041497373310977']},1314256209688526848,1591041549508685824,2022-11-11 12:14:00+00:00,['1591041549508685824'],1591041549508685824,,"#Europa no har√° grandes progresos contra la #inflaci√≥n en 2023 y JP Morgan barrunta m√°s tormentas 

https://t.co/l3uVjpi1fa https://t.co/35wbK1MGB0",inflacion,
81,{'media_keys': ['3_1591039936416960513']},966436104,1591039725036802048,2022-11-11 12:07:48+00:00,['1591039990007754752'],1591039990007754752,966436104.0,"‚û°Ô∏èEn 2023, la #inflaci√≥n en Espa√±a seguir√° la senda descendente iniciada en verano, con una previsi√≥n de reducci√≥n hasta 4,8%, inferior a la media de la eurozona
‚û°Ô∏èSe sigue creando #empleo y bajando el paro
‚û°Ô∏èContin√∫a el proceso de reducci√≥n del d√©ficit y la deuda p√∫blica https://t.co/lAgWyHInrY",inflacion,
82,,1572362563513454598,1591039734465585152,2022-11-11 12:06:47+00:00,['1591039734465585152'],1591039734465585152,,Es obseno el aumento de #jubilados del 15 % con la #inflaci√≥n que hay. Entonces los de est√°n por encima de la m√≠nima por $ 4000 no ligan ni siquiera un bono. Siempre igual la insensibilidad pol√≠tica frente a los viejos,inflacion,
83,,173963390,1591039581972926464,2022-11-11 12:06:11+00:00,['1591039581972926464'],1591039581972926464,,"No se si taaaaan obvio, pero esperable. Un fortalecimiento global del #dolar solo traccionado por diferencial de #tasas, si se espera que la #FED modere sus movimientos alcistas dado el √∫ltimo dato de #inflaci√≥n, se desarman posiciones. https://t.co/8gKtvkry0k",inflacion,
84,{'media_keys': ['3_1591038155234369538']},1026573435919654912,1591038157575049216,2022-11-11 12:00:31+00:00,['1591038157575049216'],1591038157575049216,,"¬øC√≥mo es que todos los #argentinos no acordamos que, gobierne quien gobierne, la #inflaci√≥n, la #inseguridad y la #corrupci√≥n nos MATAN?
¬øC√≥mo puede ser que medio pa√≠s este callado sin condenar esto o sin echarle la culpa a la otra mitad?
¬øTan mediocres somos? https://t.co/2bYIzoKhlk",inflacion,
85,,94013928,1591038144614346759,2022-11-11 12:00:28+00:00,['1591038144614346759'],1591038144614346759,,"#PreciosJustos: Estos son los detalles del programa acordado con empresarios 

#ahorro #detalles #compras #Inflacion 
https://t.co/QMgUa7zGYM",inflacion,
86,{'media_keys': ['3_1591037706909483009']},94117375,1591038057414766592,2022-11-11 12:00:07+00:00,['1591038057414766592'],1591038057414766592,,"El dato de inflaci√≥n permite extender el rally alcista en bolsas y cr√©dito corporativo, intensifica la correlaci√≥n positiva de retornos bolsa-bonos y consolida el techo en el USD a nivel global. #Inflacion https://t.co/jxHCSSfKWS",inflacion,
87,,222702620,1591038009897803776,2022-11-11 11:59:56+00:00,['1591038009897803776'],1591038009897803776,,El gobierno nacional no puede controlar el precio que tendr√° un paquete de polenta ma√±ana y quiere controlar el precio de las prepagas de ac√° a 18 meses. #prepaga #Argentina #Inflacion,inflacion,
88,{'media_keys': ['3_1591037589775171586']},123292247,1591037632338722818,2022-11-11 11:58:26+00:00,['1591037632338722818'],1591037632338722818,,"¬øUna #gamificaci√≥n para alegrar el viernes? Os dejamos una pista para encontrar la palabra escondida ü§î

La alta #inflaci√≥n y la subida de #tipos de inter√©s aumentan la probabilidad de que las principales #econom√≠as mundiales puedan vivir esta situaci√≥n en un futuro no muy lejano https://t.co/5OP1kIIwuc",inflacion,
89,,2869647257,1591035887768719360,2022-11-11 11:51:30+00:00,['1591035887768719360'],1591035887768719360,,"Se anuncia Precios Justos: todos los detalles del programa para controlar la inflaci√≥n 
#preciosjustos #inflaci√≥n  #massa #congelamiento https://t.co/aEPxGrLW3c",inflacion,
90,,976844676,1590793519312297984,2022-11-11 11:51:29+00:00,['1591035883951886336'],1591035883951886336,149991703.0,@alferdez @EmmanuelMacron Rid√≠culo. Ven√≠ a Rosario para trabajar en la pac√≠ficacion de la ciudad tomada por el narcotr√°fico. Sos #ElPeorGobiernoDeLaHistoria. + de 70 % de #Inflacion y + de 50 % de #pobreza es lo que lograron las pol√≠ticas de #CFKLadronaDeLaNacionArgentina  ejecutadas x vos!,inflacion,
91,,894594508700221441,1591035168470355973,2022-11-11 11:48:38+00:00,['1591035168470355973'],1591035168470355973,,"#OtrasNoticias Empieza a bajar la #inflaci√≥n en #EstadosUnidos

https://t.co/VetExNuiuz",inflacion,
92,,761469053181370369,1591034252946071552,2022-11-11 11:45:00+00:00,['1591034252946071552'],1591034252946071552,,"#Brasil registr√≥ una #inflaci√≥n del 0,59 % en octubre, poniendo fin a tres meses consecutivos con deflaci√≥n, inform√≥ el 10 de noviembre el estatal Instituto Brasile√±o de Geograf√≠a y Estad√≠stica (IBGE). https://t.co/pvbT9WT7FZ",inflacion,
93,{'media_keys': ['3_1591033962973089793']},107149825,1591034084062822400,2022-11-11 11:44:20+00:00,['1591034084062822400'],1591034084062822400,,"‚ö°Ô∏èLa tendencia del #d√≥lar cambia desde la publicaci√≥n del dato de #inflaci√≥n en #EEUU ayer.

El cambio de paradigma es bastante apreciable en la mayor√≠a de los activos de riesgo lo que pueda beneficiar al #EUR en los pr√≥ximos meses.

#trading #forex

#EURUSD rompe los 1.0250 üìà https://t.co/miSsbp2NQE",inflacion,
94,{'media_keys': ['3_1591032830330552322']},2304728042,1591033015345770497,2022-11-11 11:40:05+00:00,['1591033015345770497'],1591033015345770497,,"Entender la inflaci√≥n.
La #Inflacion es una m√°quina de generar pobreza y desigualdad, y es necesario atajarla cuanto antes.
Dos veces al a√±o (en abril y octubre), el Fondo Monetario Internacional (FMI) publica sus perspectivas econ√≥micas globales (WEO)...
https://t.co/Rbcxpw4Bbt https://t.co/3tBtAebxe7",inflacion,
95,,88537980,1591032964250755072,2022-11-11 11:39:53+00:00,['1591032964250755072'],1591032964250755072,,"No podr√°s creer üëÄ en cu√°nto podr√≠a cerrar la inflaci√≥n en Venezuela üáªüá™. Ent√©rate de todos los detalles aqu√≠ ‚¨áÔ∏è:
https://t.co/HsCe1bUYg7.

#Venezuela #Inflaci√≥n #Econom√≠a.",inflacion,
96,{'media_keys': ['3_1591031369613942784']},548283775,1591031372474617857,2022-11-11 11:33:33+00:00,['1591031372474617857'],1591031372474617857,,"#USDMXN

#PesoMexicano rumbo a cerrar la semana con ganancias.
üá≤üáΩ#Inflacion: Banxico mejora su previsi√≥n.
#Dolar d√©bil tras inflaci√≥n en #EEUU https://t.co/qPZZAm8JdQ",inflacion,
97,"{'media_keys': ['3_1591027778052300800', '3_1591027788240375808', '3_1591027795756564482', '3_1591027819680768000']}",2989817441,1591031246469357568,2022-11-11 11:33:03+00:00,['1591031246469357568'],1591031246469357568,,"üçÅPrevisiones econ√≥micas europeas oto√±o 2022.

La #econom√≠a de la #UE ha entrado en una fase bastante m√°s complicada.

Se espera que el crecimiento regrese a üá™üá∫ en primavera mientras la #inflaci√≥n disminuye gradualmente hasta el 3,0% en la UE en 2024.

üëâhttps://t.co/EaRUbiTUPR https://t.co/SBFdv42qYG",inflacion,
98,{'media_keys': ['7_1591028976222339073']},49998704,1591030980520816640,2022-11-11 11:32:00+00:00,['1591030980520816640'],1591030980520816640,,"Las protestas de diversos profesionales, que exigen subidas salariales ante el aumento de los precios y la #inflaci√≥n, se suceden por todo el mundo  

@AtlanticoRTVC https://t.co/qi7ekU00eL",inflacion,
99,,825075204619649024,1591030740132966400,2022-11-11 11:31:03+00:00,['1591030740132966400'],1591030740132966400,,"Actualidad del mercado, repaso a las noticias y posibles oportunidades en el #dolar #oro y bolsa China https://t.co/zBVtsUiOhs #crisischina #bolsas #oportunidades #economia #finanzas #inflaci√≥n #fed #bolsachina #analisisbolsa #crisiseconomica #mercado #inversion #ftx #cripto",inflacion,
