,attachments,author_id,conversation_id,created_at,edit_history_tweet_ids,geo,id,in_reply_to_user_id,text,origen
0,{'media_keys': ['3_1591073841941446657']},2800235369,1591074148515995650,2022-11-11 14:23:32+00:00,['1591074148515995650'],,1591074148515995650,,"#Cristina como #Picasso, le ordena a la realidad parecerse
a su imaginario relato. https://t.co/C7GUIg2Gof",Cristina
1,{'media_keys': ['3_1591050277079113730']},3073870673,1591050282238369792,2022-11-11 12:48:42+00:00,['1591050282238369792'],,1591050282238369792,,#TUGO #Olivos #Anses #Massa #Alberto üêÄüêÄüêÄ#Cristina Este gobierno destruye a los jubilados https://t.co/nR6FhJEnkP,Cristina
2,,1516549134450319365,1590791367864815635,2022-11-11 12:45:56+00:00,['1591049587900678147'],,1591049587900678147,1.0683107236112957e+18,@rauldominguezb2 @Kodi_cu Don pruebas contundentes contra el Proceso judicial en el juicio por el intento de asesinato contra #Cristina,Cristina
3,{'media_keys': ['3_1591046197749358593']},1492966637183639553,1591046205550694400,2022-11-11 12:32:30+00:00,['1591046205550694400'],,1591046205550694400,,"Bajo el precepto de la eliminaci√≥n f√≠sica de los pol√≠ticos que pretendan llevar adelante proyectos progresistas, la derecha neoliberal ataca indiscriminadamente la moral e incluso la vida de paladines de la izquierda como Cristina Fern√°ndez. No ser√≠a la primera vez! #Cristina https://t.co/tLV9ZfuYHW",Cristina
4,,895320742337945600,1591040105820852225,2022-11-11 12:08:15+00:00,['1591040105820852225'],,1591040105820852225,,"#bbtvi #BigBrother #bigbrothertvi #TVI #Cristina #cristinaferreira #vergonhatvi #vergonhaEndemol #VERGONHA
https://t.co/kkYq8UV73r",Cristina
5,,932781738648096768,1591039250832801792,2022-11-11 12:04:52+00:00,['1591039250832801792'],,1591039250832801792,,"-
#Cristina ‚û°Ô∏è #CFKLadronaDeLaNacionArgentina https://t.co/241uUzYRk6",Cristina
6,,1191340974968053761,1591038691975524352,2022-11-11 12:02:38+00:00,['1591038691975524352'],,1591038691975524352,,#Cristina #Alberto #Fernandez #peron #Peronismo #Kirchnerismo #tolosa #Santoro #Kirchner https://t.co/OBbUobb9DV,Cristina
7,,1505234578662961160,1591030508401590274,2022-11-11 11:30:07+00:00,['1591030508401590274'],,1591030508401590274,,"E tem toda a raz√£o üëèüëèüëè
#vergonhatvi 
#Cristina 
#bbtvi https://t.co/ZEHeYqQXqz",Cristina
8,,291841061,1590660542292803590,2022-11-11 10:35:05+00:00,['1591016657346269184'],,1591016657346269184,138814032.0,"@CFKArgentina Fuerza #Cristina ... #Milman  debe pagar, est√° claro que la juez #CapuchettiEncubridora est√° metida en la movida",Cristina
9,,895320742337945600,1591016441679314945,2022-11-11 10:34:14+00:00,['1591016441679314945'],,1591016441679314945,,"#radartvi #Cristina #cristinaferreira #emoji 
https://t.co/Fxxzdz2Dlk",Cristina
10,,895320742337945600,1591015113263558656,2022-11-11 10:28:57+00:00,['1591015113263558656'],,1591015113263558656,,"#bbtvi #BigBrother #bigbrothertvi #TVI #Cristina #cristinaferreira #vergonhatvi #vergonhaEndemol #VERGONHA
https://t.co/xWzJuQcD70",Cristina
11,,895320742337945600,1591009902813937665,2022-11-11 10:08:15+00:00,['1591009902813937665'],,1591009902813937665,,"#cristina #cristinaferreira #goucha #tvi #irinafernandes
https://t.co/bYDZhtYDtq",Cristina
12,,895320742337945600,1591007892379144192,2022-11-11 10:00:15+00:00,['1591007892379144192'],,1591007892379144192,,"#bbtvi #BigBrother #bigbrothertvi #TVI #Cristina #cristinaferreira #vergonhatvi #vergonhaEndemol #VERGONHA 
https://t.co/o1rARIM38P",Cristina
13,,895320742337945600,1590993864206462976,2022-11-11 09:04:31+00:00,['1590993864206462976'],,1590993864206462976,,"#Cristina #cristinaferreira #bbtvi #BigBrother #bigbrothertvi #TVI
https://t.co/fdSpejyuI4",Cristina
14,,895320742337945600,1590988174201098241,2022-11-11 08:41:54+00:00,['1590988174201098241'],,1590988174201098241,,"#Cristina #cristinaferreira #bbtvi #BigBrother #bigbrothertvi #TVI
https://t.co/m56hwe809P",Cristina
15,{'media_keys': ['3_1590979582458580993']},124846150,1590979866090180610,2022-11-11 08:08:53+00:00,['1590979866090180610'],,1590979866090180610,,"Some women fear the fire, some women simply become it‚Ä¶
#studiophotography #estudiofotografico #pedrogameiro #vrsa #algarve #cristina https://t.co/wu4ozI1S0y",Cristina
16,,895320742337945600,1590971244924399616,2022-11-11 07:34:38+00:00,['1590971244924399616'],,1590971244924399616,,"#cristinaferreira #cristina #joaopatricio #TVI 
https://t.co/gLkKhLuEhh",Cristina
17,"{'media_keys': ['3_1590955198931177474', '3_1590955202169155584', '3_1590955205323296768']}",447435604,1590955207516880897,2022-11-11 06:30:54+00:00,['1590955207516880897'],,1590955207516880897,,So good I had to share! Check out all the items I'm loving on @Poshmarkapp from @momtomoms1 #poshmark #fashion #style #shopmycloset #cristina #rayban #potterybarn: https://t.co/N26pzcOE3K https://t.co/9UG18biPNc,Cristina
18,"{'media_keys': ['3_1590955043662204929', '3_1590955046849896449', '3_1590955050020794368']}",729163436907761664,1590955052084363264,2022-11-11 06:30:17+00:00,['1590955052084363264'],,1590955052084363264,,So good I had to share! Check out all the items I'm loving on @Poshmarkapp #poshmark #fashion #style #shopmycloset #cristina #janieandjack #eileenfisher: https://t.co/20O1MYNNpI https://t.co/S0TL7JZsvP,Cristina
19,,1590945663533064192,1590860469954170880,2022-11-11 06:07:40+00:00,['1590949360107675648'],,1590949360107675648,3894954440.0,@llanas_hilda @kike_mayagoitia @tefivalenzuela5 @OlgaBathoryH @MiguelDiazTV @PedroPrietoTv @multimediostv #Cristina para lectura de cartas,Cristina
20,,1590945663533064192,1590941201980542977,2022-11-11 06:03:44+00:00,['1590948371594088449'],,1590948371594088449,25096209.0,@multimediostv #Cristina paralectura,Cristina
21,{'media_keys': ['7_1590903841016483848']},1932155882,1590904760018042882,2022-11-11 03:10:41+00:00,['1590904820864806912'],,1590904820864806912,1932155882.0,"#EsNoticiaArgentina ¬øDe qui√©nes se trata? ¬øSer√° posible esa recusaci√≥n?
Analizamos en profundidad con el periodista Javier Romero.
@EsNoticia_tlSUR 
@Tatiana_teleSUR 
#Cristina 
#cristinaesesperanza 
#CristinaKirchner https://t.co/XoBCMgyE8K",Cristina
22,{'media_keys': ['7_1590903280305070081']},1932155882,1590904760018042882,2022-11-11 03:10:34+00:00,['1590904790699380738'],,1590904790699380738,1932155882.0,"#EsNoticiaArgentina Denuncia que a pesar de las pruebas sobre la implicaci√≥n de pol√≠ticos de oposici√≥n, no son vinculados al proceso. 
Ampliamos en @EsNoticia_tlSUR 
@Tatiana_teleSUR 
#Cristina 
#cristinaesesperanza 
#CristinaKirchner https://t.co/XA0r0aXkC4",Cristina
23,{'media_keys': ['7_1590903097278226434']},1932155882,1590904760018042882,2022-11-11 03:10:27+00:00,['1590904760018042882'],,1590904760018042882,,"#EsNoticiaArgentina La vicepresidenta Cristina Fern√°ndez pide que la juez Mar√≠a Eugenia Capuchetti sea apartada de la investigaci√≥n por el magnicidio frustrado en su contra. 
Ampliamos en @EsNoticia_tlSUR 
@Tatiana_teleSUR 
#Cristina 
#cristinaesesperanza 
#CristinaKirchner https://t.co/R7oJfg9Lni",Cristina
24,,695729642276286469,1590893112402280448,2022-11-11 02:24:10+00:00,['1590893112402280448'],,1590893112402280448,,Y porque da risa no da ni para investigarlo. Ni siquiera siendo que dos veces d√≠as antes present√≥ proyectos en diputados sobre la custodia de CFK. El a√±o q viene veremos q la mayor√≠a no les cree a uds los periodistas militantes. #Cristina https://t.co/dTMoXOMBmx,Cristina
25,,2749162279,1590892716786737152,2022-11-11 02:22:35+00:00,['1590892716786737152'],,1590892716786737152,,"#RenunciaCerrutti 
#NiolvidoNiPerd√≥nALosK
#BastaDeNarcoEstadoK 
#Cristina Tiene la culpa de todo!#CristinaPresaYa https://t.co/o837mS5zml",Cristina
26,{'media_keys': ['7_1590889496052113408']},1370009252237090824,1590889653938589696,2022-11-11 02:10:25+00:00,['1590889653938589696'],,1590889653938589696,,"Las chances de #Cristina en 2023 

üéôÔ∏è @JorgeGiacobbe, de @GiacobbeOP, en @Dataposta_ https://t.co/qKsH3dqqOy",Cristina
27,,2704819326,1590884156778713089,2022-11-11 01:48:34+00:00,['1590884156778713089'],,1590884156778713089,,"#Cultura$ #Barbara$
Dice #Cristina...
""Los verdaderos #salvajes son los promotores de un nuevo #orden #Mundial #B√°rbaro, que nos ha llevado a la 3ra #GuerraMundial""

#Obvio!
Otras armas distintas, entre ellas el #GenocidioCultural.‚Ä¶https://t.co/LprnBUF6SW https://t.co/vLVENuRSna",Cristina
28,,28428521,1590883091161255936,2022-11-11 01:44:20+00:00,['1590883091161255936'],,1590883091161255936,133692652.0,@ursuvargues no te da verg√ºenza ponerle voz al camelo delirante de #Cristina?,Cristina
29,,1420825336166637570,1590754989823365120,2022-11-11 01:10:49+00:00,['1590874656147243008'],,1590874656147243008,1.003973569729237e+18,"@PamelaPaz07 @Clorobles2 #Alberto = #Cristina = #Massa; Peleas de Palacio; Pelea por las sillas; En la calle: +100% Inflaci√≥n, +50% Pobreza, 25% de Pobres Pauperizados, 11.000.000 de Personas descartadas, 1 de cada 4 Ni√±os abandon√≥ 1 o 2 de sus 4 Comidas Diarias; üëá",Cristina
30,,875585426412548096,1590870769835597824,2022-11-11 00:55:23+00:00,['1590870769835597824'],,1590870769835597824,,"#Feletti:""Con #Cristina se tomaba una decisi√≥n y se iba hasta el final, #Alberto me condicionaba cuando quer√≠a avanzar"" https://t.co/onVA4DUudM",Cristina
31,,531776876,1590870598745747456,2022-11-11 00:54:42+00:00,['1590870598745747456'],,1590870598745747456,,"#Feletti:""Con #Cristina se tomaba una decisi√≥n y se iba hasta el final, #Alberto me condicionaba cuando quer√≠a avanzar"" https://t.co/QnqN6UJRrT",Cristina
32,,218116576,1590858659315453952,2022-11-11 00:07:15+00:00,['1590858659315453952'],,1590858659315453952,,"Hanno pronunciato frasi orrende e fatto branco contro #MarcoBellavia e/o #Nikita:
#Ciacciüö©
#Ginevraüö©
#Charlie
#Antonino
#Gegiaüö©
#Saraüö©
#Cristinaüö©
#Wilma
#Patrizia
#Pamelaüö©
#Amaurysüö©
#Elenoireüö©
#Edoardo
#Carolinaüö©
#Antonella
#Giaele
#gfvip",Cristina
33,,45549573,1590852063353008129,2022-11-10 23:41:03+00:00,['1590852063353008129'],{'place_id': '018f1cde6bad9747'},1590852063353008129,,Menos mal que le aumentaron a 7 palos la jubilaci√≥n a la vice‚Ä¶ #Cristina #ElPeorGobiernoDeLaHistoria,Cristina
34,{'media_keys': ['3_1590848871730761729']},1009620901,1590848881029324801,2022-11-10 23:28:24+00:00,['1590848881029324801'],,1590848881029324801,,"Para #Cristina, la jueza #Capuchetti ¬´paraliza y boicotea¬ª la investigaci√≥n de la causa del intento de magnicidio
https://t.co/0H3C9KHulQ https://t.co/ORpAvySeUY",Cristina
35,,1229820623419035655,1590834321518374912,2022-11-10 22:30:33+00:00,['1590834321518374912'],,1590834321518374912,,"üì∞üì¢ Este jueves: #Cristina recusar√° a la jueza que investiga el atentado; el Presidente se reuni√≥ con #Macron; ultiman detalles para congelar precios; conflicto entre #Francia e #Italia los migrantes.

#NoEst√°deM√°s https://t.co/GDsudXaXa7",Cristina
36,,42820461,1590834190161162241,2022-11-10 22:30:01+00:00,['1590834190161162241'],,1590834190161162241,,"Cristina Italian Meaning: The name Cristina is an Italian baby name. In Italian the meaning of the name Cristina is: Follower of Christ. #Cristina, #BabyNames #BabyNameMeaning #Kidpaw  https://t.co/NvRLzVZcrP",Cristina
37,,211245238,1590828153676922880,2022-11-10 22:06:02+00:00,['1590828153676922880'],,1590828153676922880,,"Atentado a #Cristina: Piden secuestrar celulares de asesoras de #Milman 

https://t.co/w3CqQEcye0",Cristina
38,{'media_keys': ['3_1590817956220608512']},1107346142738739202,1590817968044138496,2022-11-10 21:25:34+00:00,['1590817968044138496'],,1590817968044138496,138814032.0,"@CFKArgentina recusar√° a la jueza Capuchetti, que lleva la causa por el atentado #CristinaKirchner #Cristina #pol√≠tica #CapuchettiRecusada #Atentado https://t.co/dUrU6dpV83 https://t.co/mwaPqI2ZeF",Cristina
39,,895320742337945600,1590816247872356353,2022-11-10 21:18:44+00:00,['1590816247872356353'],,1590816247872356353,,"#cristinaferreira #Cristina #bbtvi #BigBrother #bigbrothertvi #TVI
https://t.co/VW5GYCLOfS",Cristina
40,,1421612940013277187,1590810053182791681,2022-11-10 20:54:07+00:00,['1590810053182791681'],,1590810053182791681,,#MafiaJudicialComplice #MafiaJudicialC√≥mplice #TodosConCristina #Cristina2023 #Cristina https://t.co/rWTdTtDw7y,Cristina
41,,1369966245282471936,1590808201481850881,2022-11-10 20:46:45+00:00,['1590808201481850881'],,1590808201481850881,,#cristina pura maldad,Cristina
42,,912709955886682114,1590743069762392064,2022-11-10 19:55:46+00:00,['1590795370560647168'],,1590795370560647168,54414081.0,"@PatoBullrich Esto no es justicia, esto se llama intento a asesinato a un ser humano. Por m√°s malo que sea uno, nadie tiene el derecho de quitarle la vida aunque le est√©n pagando por eso. 
El significado de justicia que usted tiene esta errado Sra Bullrich. 
#BuenJueves 
#Cristina",Cristina
43,{'media_keys': ['3_1590792737154076680']},821758699,1590792739951882240,2022-11-10 19:45:19+00:00,['1590792739951882240'],,1590792739951882240,,üóû Los 10 indicios que para la Justicia desacreditan la acusaci√≥n de #Cristina contra #Milman üßµüëáüèª https://t.co/M6z5gKVo0S v√≠a @hcappiello https://t.co/SrnTcvdV1E,Cristina
44,,1580501911194812416,1590101010303025152,2022-11-10 19:33:30+00:00,['1590789765322149889'],,1590789765322149889,1.517602314227495e+18,"@CarinaDeAlenca2 @arilijalad Los fallos de la justicia, se ACATAN.
Lo que vos pienses o lo que #Cristina piense ... NO INTERESA!

Los fallos de la CORTE SUPREMA DE JUSTICIA son definitivos.

¬°AMEN!",Cristina
45,,1484243132665454592,1590648663843688450,2022-11-10 19:22:03+00:00,['1590786886725152768'],,1590786886725152768,1.528050478222803e+18,"@Veronica_inesb_ Sola entrega las manos para las esposas.
#CRISTINA PRESA YA!",Cristina
46,,895320742337945600,1590778515276058624,2022-11-10 18:48:47+00:00,['1590778515276058624'],,1590778515276058624,,"#cristinaferreira #cristina #bbtvi #BigBrother #bigbrothertvi #TVI
https://t.co/8Rq9M4A3pt",Cristina
47,,1409843467182821377,1590738497484345344,2022-11-10 18:16:59+00:00,['1590770512397230080'],,1590770512397230080,25992212.0,"@todonoticias Con tanta gente esperando justicia, a #cristina la juzgan tres veces por la misma bosta por la cual va  a ser sobreseida otra vez, creo que los boludean mas a sus propios votantes  haciendoles creer cosas que no van a pasar permanentemente",Cristina
48,,1087435352153952256,1590765583569940480,2022-11-10 17:57:24+00:00,['1590765583569940480'],,1590765583569940480,,"Milman se burl√≥ de la acusaci√≥n de Cristina: ‚ÄúMe pareci√≥ estar viendo una pel√≠cula de ciencia ficci√≥n‚Äù

#milman #gerardomilman #AtentadoaCristina #cristina #cfk #cristinakirchner #Pol√≠tica @gmilman 

https://t.co/XznUygHMtN",Cristina
49,,1589709457461755904,1590762954852831233,2022-11-10 17:46:58+00:00,['1590762954852831233'],,1590762954852831233,,"Remera #Cfk Todos Con #Cristina #cristinakirchner #fuerzacristina
#peron #peronismo #nestorkirchner  #CFK2023 
https://t.co/ISxFmQmn1a",Cristina
50,{'media_keys': ['3_1590759608683040770']},1159878171950534657,1590759874996363271,2022-11-10 17:34:43+00:00,['1590759874996363271'],,1590759874996363271,,"Por Irregularidades en la investigaci√≥n, Cristina recusar√° a la jueza Capuchetti por ‚Äúparalizar y boicotear‚Äù la investigaci√≥n
https://t.co/PLlhrfkFEx

#cristina #vicepresidenta #video #jueza #capuchetti #denuncia #boicot #investigacion #atentado https://t.co/2g6pABZDjG",Cristina
51,{'media_keys': ['3_1590759636638093315']},1229440585108533248,1590759642438803457,2022-11-10 17:33:48+00:00,['1590759642438803457'],,1590759642438803457,,#Cristinaüôà@POTUS @WhiteHouse @VP @ONU_es @cepal_onu @el_BID @FMInoticias @Pontifex_es @consejomcaba @cmagistratura @MPFCABA @SergioBerniArg @CFKArgentina @FernandezAnibal @alferdez @PatoBullrich @PFAOficial @horaciorlarreta @mauriciomacri @RossiAgustinOk @PFAOficial @PoliciaPBA https://t.co/VGvaSKNUjt,Cristina
52,,224008567,1590747181001998337,2022-11-10 16:44:17+00:00,['1590747181001998337'],,1590747181001998337,,"Caso Hotesur: el fiscal de Casaci√≥n pidi√≥ que Cristina Kirchner y sus hijos enfrenten el juicio por lavado. 
#Argentina #Corrupci√≥n #CFK #Cristina #kirchnerismo #FrenteDeTodos #Hotesur 

https://t.co/zaXqReA3w4",Cristina
53,,288212562,1589965891290423297,2022-11-10 16:42:41+00:00,['1590746781343977472'],{'place_id': '01c0a65e1a84b613'},1590746781343977472,1.1924336992053412e+18,@osvwal @AnaSbaglia Por eso #Cristina les molesta,Cristina
54,,1087435352153952256,1590743566531579904,2022-11-10 16:29:55+00:00,['1590743566531579904'],,1590743566531579904,,"Mena, viceministro de Justicia: ""Es evidente que no se quiere investigar a Milman en el atentado contra Cristina""

#Pol√≠tica #Judiciales #Justicia #Milman #Cristina #CFK #CristinaKirchner #Todos #FrenteDeTodos #Peronismo #PJ 

https://t.co/Xt6UIymw8R",Cristina
55,,2990372127,1590742521260707840,2022-11-10 16:25:46+00:00,['1590742521260707840'],,1590742521260707840,,Te quiero #Cristina hoy m√°s que nunca #TodosconCristina https://t.co/xqbJd7g74i,Cristina
56,,3359447613,1590733617398808576,2022-11-10 15:50:23+00:00,['1590733617398808576'],,1590733617398808576,,Si avanzamos sobre hacer #cumplir las leyes a los #EmpresariosGolpistas macristas la #JusticiaCorrupta los defender√≠a y poco podr√≠amos hacer No vienen x #CRISTINA vienen por todos los trabajadores ( inclu√≠dos los chetxs #Pro),Cristina
57,,1069053968,1590660542292803590,2022-11-10 15:38:02+00:00,['1590730510674067457'],,1590730510674067457,138814032.0,"@CFKArgentina #Cristina es un sol negro y el kirchnerismo es gente t√≥xica
#KirchnerismoT√≥xico

Preg√∫ntenle a Tailhade qu√© sabe",Cristina
58,,1477248455101849601,1590722462697676800,2022-11-10 15:06:03+00:00,['1590722462697676800'],,1590722462697676800,,"#mengolini #Cristina Es todo tan rid√≠culo, tan berreta que alguien con un poquitito de cerebro se canta de risa. https://t.co/uQz9Wgnhde",Cristina
59,{'media_keys': ['3_1590717582780338176']},1144260249282666497,1590717585728970752,2022-11-10 14:46:41+00:00,['1590717585728970752'],,1590717585728970752,,"Cristina anunci√≥ en un video que recusar√° a la jueza Capuchetti en la causa por el atentado | News Digitales

üî¥Lee la nota completa ac√°:
 https://t.co/xMo0dNjEnP #atentado #capuchetti #cristina https://t.co/eMzJoeJOsv",Cristina
60,,1453197538543083521,1590716040731770880,2022-11-10 14:40:32+00:00,['1590716040731770880'],,1590716040731770880,,"üî¥¬øQui√©n es #GerardoMilman, el #diputado de #Juntos al que #Cristina apunta por su #atentado?

üëâMano derecha de #PatriciaBullrich, encabezar√° una de las mesas para la postulaci√≥n de la ex #ministra de seguridad del #PRO

https://t.co/QZAKSJZqKG

#avellaneda #conurbano #CFK",Cristina
61,{'media_keys': ['7_1590714682192678912']},1087435352153952256,1590715661390520321,2022-11-10 14:39:02+00:00,['1590715661390520321'],,1590715661390520321,,"Mena, viceministro de Justicia: ""No est√° previsto qu√© hacemos cuando un poder del Estado se da vuelta contra el propio Estado de Derecho""

#Pol√≠tica #Judiciales #Mena #Justicia #Estado #Gobierno #Todos #FrenteDeTodos #Peronismo #PJ #Cristina #CFK #Kirchner https://t.co/ZvoQLkAimp",Cristina
62,,1160562617271934980,1590708024729305093,2022-11-10 14:08:41+00:00,['1590708024729305093'],,1590708024729305093,,"A #Cristina la quieren presa o muerta. Y a la Argentina, sin #peronismo, sin peronistas. 
No es la primera vez que llevan adelante este plan... ya lo advirti√≥ CFK ""No vienen [s√≥lo] por m√≠, vienen por ustedes""

#FuerzaCristina https://t.co/FWIWFJnB0g",Cristina
63,{'media_keys': ['3_1590705571459735558']},994470332961607680,1590705576304340992,2022-11-10 13:58:57+00:00,['1590705576304340992'],,1590705576304340992,,"#Cristina Campos ha quedado finalista del Premio Planeta 2022 con su obra Historias de mujeres casadas. Publicada por Planeta en su colecci√≥n Autores Espa√±oles e Iberoamericanos, en sus p√°ginas maridos, amantes y amigas van y vienen, pero el amor, el verdadero amor, permanece https://t.co/JbRewu78o3",Cristina
64,{'media_keys': ['3_1590695046831112193']},1113923314769170435,1590695049524023296,2022-11-10 13:17:08+00:00,['1590695049524023296'],,1590695049524023296,,"#Cristina es mala, mala, mala, mala, mala ... https://t.co/AK7oWWFHXn https://t.co/Q2Z3u5wM65",Cristina
65,,20284093,1590693431407304704,2022-11-10 13:10:42+00:00,['1590693431407304704'],,1590693431407304704,,"#Cristina Lo del ""MAGNICIRCO"" se pincho, se viene la condena, tambi√©n una derrota hist√≥rica y ahora?",Cristina
66,,1409843467182821377,1590519626123051008,2022-11-10 12:51:04+00:00,['1590688489930387457'],,1590688489930387457,1666060182.0,"@peladopelado50 No no pueden por eso #Cristina pidio que se auditaran TODOS los planes los que dio ella 250000, los 50000 de macri y los 550000 que se fueron agregando por pandemia y por alberto, la AFIP informo 250000 irregularidades y se los van a dar de baja, por comprar dolares o ser propiet",Cristina
67,,1113923314769170435,1590688284908589057,2022-11-10 12:50:15+00:00,['1590688284908589057'],,1590688284908589057,,"Luego del video de #Cristina, un operador medi√°tico del PRO tira que #Ella delira... y todas las zombies cokers pidiendo que la encierren en un psiqui√°trico si la c√°rcel no da.

Se viene una nueva campa√±a, la inhabilitaci√≥n.

#FuerzaCristina",Cristina
68,,1113923314769170435,1590684942367088640,2022-11-10 12:36:58+00:00,['1590684942367088640'],,1590684942367088640,,"Magnetto le solicita a sus empleados que persigan a #Cristina hasta proscribirla o encarcelarla, lo que se de primero.

Porque #Ella es la √∫nica que no tiene due√±o.
#Cristina2023 https://t.co/6qB1GYfAQW",Cristina
69,,287194322,1590683101633871873,2022-11-10 12:29:39+00:00,['1590683101633871873'],,1590683101633871873,,"Entrevista a @somosradioam530

‚ÄúEl 17 de noviembre cuando festejemos el D√≠a de la Militancia #Peronista, vamos a escuchar a #Cristina que sintetiza y representa la defensa de un pueblo, y para m√≠, representa la #esperanza‚Äù

https://t.co/ifqFGWph87",Cristina
70,{'media_keys': ['3_1590680625530429442']},1147883660743499776,1590681769816489986,2022-11-10 12:24:22+00:00,['1590681769816489986'],,1590681769816489986,,"Cristina recus√≥ a la jueza Capuchetti por no investigar a Milman
üìåhttps://t.co/qgN5Kcsq5f 
#Cristina #Atentado https://t.co/vcQQJX4c1L",Cristina
71,{'media_keys': ['3_1590673416503398400']},1024672891663736832,1590673419573645314,2022-11-10 11:51:11+00:00,['1590673419573645314'],,1590673419573645314,,"üìä #Frecuencia de palabras en los textos de #Clarin del 09.11.2022. Hilo üëá
1.  #d√≥lar 116
2.  #noviembre 99
3.  #gobierno 78
4.  #presidente 72
5.  #argentina 68
6.  #corte 62
7.  #cristina 59
8.  #mi√©rcoles 56 https://t.co/kxFhvpJoPj",Cristina
72,,150582712,1590673365827989504,2022-11-10 11:50:58+00:00,['1590673365827989504'],,1590673365827989504,,"üîµ#Cristina recusar√° a la jueza que investiga el intento de magnicidio ""me quieren presa o muerta"" https://t.co/bcDrxt0NYX",Cristina
73,{'media_keys': ['3_1590671384446918656']},91630276,1590671542706634752,2022-11-10 11:43:43+00:00,['1590671542706634752'],,1590671542706634752,,"üá¶üá∑üö® #Cristina | #Capuchetti | #Justicia 

üî¥ Cristina recus√≥ a la jueza Capuchetti mediante un video: ""paraliz√≥ y boicote√≥ la investigaci√≥n""

https://t.co/ElnfoJQExz https://t.co/bSw5UQUZ8k",Cristina
74,,741304171593379840,1590669719639662593,2022-11-10 11:36:29+00:00,['1590669719639662593'],,1590669719639662593,,"#Cristina
La Vicepresidenta anunci√≥ que recusar√° a la jueza Mar√≠a Eugenia Capuchetti.. https://t.co/8F9QNhwLo1",Cristina
75,,962510547227996160,1590668877780115456,2022-11-10 11:33:08+00:00,['1590668877780115456'],{'place_id': '00a50aa95099b127'},1590668877780115456,,"#√öltimomomento‚ÄºÔ∏è
üèú#Cristina recibi√≥ esta tarde a #Quintela‚ÄºÔ∏èEl gobernador riojano habl√≥ de trabajar por la #UNIDADDELPJ

 El encuentro fue distendido y se habl√≥ del momento pol√≠tico. ""El peronismo riojano trabaja por la unidad del movimiento, ese
https://t.co/T33NZxqvRa",Cristina
76,,48572066,1590665562971336706,2022-11-10 11:19:58+00:00,['1590665562971336706'],,1590665562971336706,,"#CapuchettiEncubre 
#Capuchetti no quiere investigar, est√° en #ComodoroPro que es la #MafiaJudicial
Se nota mucho.
Quieren a @CFKArgentina de acusada y no de v√≠ctima.
#Cristina #Argentina https://t.co/FU65tePwMY",Cristina
77,,48572066,1590664527984857089,2022-11-10 11:15:51+00:00,['1590664527984857089'],,1590664527984857089,,"#CapuchettiNoInvestiga y demuestra que es de #ComodoroPro
#MafiaJudicial 
Quieren a @CFKArgentina de acusada y no de v√≠ctima.
#TodosConCristina 
#Cristina #Argentina",Cristina
78,,813125598,1590664441259261954,2022-11-10 11:15:30+00:00,['1590664441259261954'],,1590664441259261954,,#CRISTINA https://t.co/v2KRN49cLX,Cristina
79,"{'media_keys': ['3_1590657263509073920', '3_1590657266449272838', '3_1590657269817311236']}",1490715182301077504,1590657271797014529,2022-11-10 10:47:01+00:00,['1590657271797014529'],,1590657271797014529,,So good I had to share! Check out all the items I'm loving on @Poshmarkapp from @ShynaDoll #poshmark #fashion #style #shopmycloset #verabradley #tommyhilfiger #cristina: https://t.co/vnluR3a6TY https://t.co/lXIQtYYrpZ,Cristina
80,,471008757,1590341818914217984,2022-11-10 10:32:32+00:00,['1590653626913296384'],,1590653626913296384,321514110.0,"@neuroblues7 Sos mejor que YO!
No veo ficci√≥n argentina. Aguante los KDRAMAS y las series de otros paises que se pueden ver por #netflix o pos #Disney+ 

De verdad sos mejor que YO!

Que le pidan subsidio a #Cristina 
Mis respetos a #Darin, no la hermana",Cristina
81,,1580501911194812416,1590324549811589123,2022-11-10 10:01:22+00:00,['1590645786588508160'],,1590645786588508160,2802150356.0,"@galloclaudio67 Eso espero.
¬°OJO!
El NUCLEO DURO a√∫n se encuentra en la PROVINCIA DE BUENOS AIRES. All√≠ ir√° #Cristina para volver a ser senadora y conservar los fueros",Cristina
82,{'media_keys': ['13_1590624492593610753']},1514476259241123845,1590624647929806850,2022-11-10 08:37:23+00:00,['1590624647929806850'],,1590624647929806850,,"Dane Jones Public blowjob and passionate fuck for big tits Latina
#cristina #miller https://t.co/M7AAormtbN",Cristina
83,,895320742337945600,1590613527907438592,2022-11-10 07:53:11+00:00,['1590613527907438592'],,1590613527907438592,,"#Cristina #cristinaferreira
https://t.co/hxk4Ubx6UD",Cristina
84,"{'media_keys': ['3_1590607885620637698', '3_1590607889206751233', '3_1590607893027786752']}",125448583,1590607895057813506,2022-11-10 07:30:48+00:00,['1590607895057813506'],,1590607895057813506,,So good I had to share! Check out all the items I'm loving on @Poshmarkapp from @kitschy_cat #poshmark #fashion #style #shopmycloset #cristina #dots: https://t.co/WnxggcEsy7 https://t.co/4YmDSOf1wz,Cristina
85,{'media_keys': ['3_1590553735750631428']},1009620901,1590553887505010688,2022-11-10 03:56:12+00:00,['1590553887505010688'],,1590553887505010688,,"En medio del operativo clamor, #Larroque afirm√≥ que ¬´ #Cristina  es la figura que concita la unidad y la esperanza¬ª https://t.co/usHlf8CXGR https://t.co/ucRNcLnC5g",Cristina
86,,2731684773,1590548890914545664,2022-11-10 03:36:21+00:00,['1590548890914545664'],,1590548890914545664,,Ten√≠as que llamarte #Cristina para escribir un twit tan pel*tudo https://t.co/5VwZJG7kAA,Cristina
87,,266593321,1590498783577903104,2022-11-10 00:17:14+00:00,['1590498783577903104'],,1590498783577903104,,"Que personaje m√°s pat√©tico el de #Cristina mendigando amor.

#laleydebaltazar",Cristina
88,,118839215,1590498149109731328,2022-11-10 00:14:43+00:00,['1590498149109731328'],,1590498149109731328,,#LaLeyDeBaltazar Tan insistente la #Cristina le dicen que no la aman y se lo demuestran m√°s encima y ella sigue ah√≠ apernada en la casa de #Baltazar ü§î,Cristina
89,{'media_keys': ['3_1478221021798875138']},2788412705,1590487614683222016,2022-11-09 23:32:51+00:00,['1590487614683222016'],,1590487614683222016,,"Con autorizaci√≥n de @armandolopezFeD y colaborando con @AngelaCedeno_PI, difundimos nuestra progresi√≥n de #Cristina L√≥pez Villagr√°n, que se une a la proyecci√≥n oficial @FGRMexico, y la de #MissingAngelsOrg üíú para #sumar en los esfuerzos en su #b√∫squedaüß° https://t.co/86dtx5r6gR",Cristina
90,,116926161,1590487114936119298,2022-11-09 23:30:52+00:00,['1590487114936119298'],,1590487114936119298,,#JonathanMorel decia que queria que lxs kirchneristas tuvieramos miedo de amar a #Cristina y de saliar a la calle. El que se hace cacona en los pantalones de miedo ahora es el. Ponete pa√±al Jonathan para salir a la calle,Cristina
91,,1162797701899141120,1590479430471688192,2022-11-09 23:00:20+00:00,['1590479430471688192'],,1590479430471688192,,"#Cristina
#CorteSupremaCorrupta 
Quer√≠an saber qui√©n fu√© el que vot√≥ en contra de la sanci√≥n a deudores de cuota alimentaria ??? ah√≠ lo tienen üëá https://t.co/VmjwN1VD0D",Cristina
92,{'media_keys': ['3_1590447947661074434']},244360231,1590447950517280769,2022-11-09 20:55:15+00:00,['1590447950517280769'],,1590447950517280769,,"$9500 la jodita del rombo, un pedazo de platico berreta,  gracias #alberto y #Cristina https://t.co/UozyNigGQS",Cristina
93,,172123698,1590445397734051846,2022-11-09 20:45:06+00:00,['1590445397734051846'],,1590445397734051846,,"CEF NOTICIAS | #cefnoticiasok
#Politica | #Cristina | #Larroque
Larroque: ""Cristina es la figura que concita la unidad y la esperanza"". NOTICIA AMPLIADA ‚ñº https://t.co/CFDI5pDRgO",Cristina
94,,1409843467182821377,1590437940215566337,2022-11-09 20:15:28+00:00,['1590437940215566337'],,1590437940215566337,,"#Cristina un poco antes del atentado hablo sobre los planes sociales de como los habian triplicado los que dejo ella el macrismo y sumado mas alberto y la necesidad de auditarlos y sacarlos de las manos de la Org,Soc. se dio el primer paso la AFIP encontro 250.000 irregularidades",Cristina
95,,2802688882,1590427172602511360,2022-11-09 19:32:41+00:00,['1590427172602511360'],,1590427172602511360,,#Cristina ‚ù§Ô∏è https://t.co/Agh3tVjsa2,Cristina
96,"{'media_keys': ['3_1590426055286095872', '3_1590426058272432128', '3_1590426061829189632']}",1240359592795820032,1590426063871836161,2022-11-09 19:28:16+00:00,['1590426063871836161'],,1590426063871836161,,So good I had to share! Check out all the items I'm loving on @Poshmarkapp from @SarahSc93586116 #poshmark #fashion #style #shopmycloset #cristina #coach #handcrafted: https://t.co/oMoYbCo1M7 https://t.co/4Uqp9Bdwap,Cristina
97,,3926111789,1590423828098056193,2022-11-09 19:19:23+00:00,['1590423828098056193'],"{'coordinates': {'type': 'Point', 'coordinates': [2.34663, 48.86006]}, 'place_id': '09f6a7707f18e0b1'}",1590423828098056193,,#beautiful #sis üíñ #happybirthday #mylove üíû #29yearsold #paris üñ§ #portuguesa üáµüáπ #loveyou ü´∂üèº #instafamily #instabirthday #instalove #photography #passion #cristina @crislapinhaaa √† Chatelet les-Halles https://t.co/Iu29YpMRXG,Cristina
98,,2375780059,1590418955709071361,2022-11-09 19:00:02+00:00,['1590418955709071361'],,1590418955709071361,,".@SergioOPalazzo se sum√≥ al #OperativoClamor: ¬´#Cristina tiene que ser la candidata del #FrenteDeTodos¬ª

https://t.co/Pijwp2IZFw",Cristina
99,,224008567,1590410507533848576,2022-11-09 18:26:28+00:00,['1590410507533848576'],{'place_id': 'c4320f726d222937'},1590410507533848576,,"La Corte desactiv√≥ la √∫ltima maniobra de #Cristina #Kirchner en el Consejo de la Magistratura: los argumentos de un fallo contundente.

#Argentina #CFK #kirchnerismo #FrenteDeTodos 
https://t.co/lLtpeQUDK5",Cristina
0,,2343766484,1591070490524667905,2022-11-11 14:09:00+00:00,['1591070490524667905'],,1591070490524667905,,"#MacrienSMA| üü°El ex presidente Mauricio Macri, se encuentra en San Mart√≠n de los Andes para combinar su agenda pol√≠tica y uno de sus placeres, jugar al golf.
#Macri #Golf #SanMart√≠n #JxC

https://t.co/0sO7rcY09X",Macri
1,,1567287154027515905,1590782005373194240,2022-11-11 13:34:55+00:00,['1591061916033896448'],,1591061916033896448,202352090.0,"@claudiosavoia #Macri nos hizo mierda y a ver? mostrame algun #twitt pidiendole la #renuncia a el o a #Caputo cuando la inflacion se disparo o cuando el ##dolar se fue al joraca? No haces #periodismo, no enga√±as a nadie sos un operador politico. #Savoia nada",Macri
2,{'media_keys': ['7_1591050765367447552']},295907849,1591050881449218050,2022-11-11 12:51:05+00:00,['1591050881449218050'],,1591050881449218050,,"#SanMart√≠nDeLosAndes
#Neuqu√©n
@mauriciomacri üíõüí™
#Macri 
üìπ IG @concejales_jxc_sma https://t.co/4ZvqNsnwyz",Macri
3,,749919686,1591040098506006528,2022-11-11 12:08:14+00:00,['1591040098506006528'],,1591040098506006528,,"Lo venimos diciendo hace a√±os.
Se acab√≥ lo pol√≠ticamente correcto. 
Ni Milei ni su gente (ausentes sin aviso en el Congreso a la hora de votar leyes que prometieron) son la soluci√≥n.
#Macri en su libro dijo que se acaba el buenismo. 
Es ahora o nunca. Los amigos de Massa dividen.",Macri
4,,1409843467182821377,1590856301047078913,2022-11-11 10:47:43+00:00,['1591019836901306368'],,1591019836901306368,1242315786.0,"@javierlanari no a todos sacarselos, o que?  tenes miedo de que #larreta y #Macri se queden sin fuerza de choque en la calle?",Macri
5,,169837634,1591016367402405889,2022-11-11 10:33:56+00:00,['1591016367402405889'],,1591016367402405889,,"La NO investigaci√≥n al atentado a #CFK m asusta, si la jueza deja mentir, como lo hicieron las asesoras d #Milman, se les ""borra"" los telefonos, no avanza, libera a complices, #Macri #Bullrich #Larreta y otrxs, no debrian preocuparse? Si ma√±ana un loquito atenta contra ellxs?",Macri
6,,146153762,1588598099701772288,2022-11-11 10:16:45+00:00,['1591012042844299264'],,1591012042844299264,2953955753.0,@Kicillofok @juanalvarez2604 @Nardini_Leo @Guille_jelinski @javier_chgaston @BordaD_Ayelen @MInfraPBA Le dec√≠an a #Macri el cemento no se come #GobiernoDeLaMentira,Macri
7,,300405680,1590986402292174848,2022-11-11 08:34:52+00:00,['1590986402292174848'],,1590986402292174848,,"üîç‚ö†Ô∏è‚ÄºÔ∏è | #InfoRED92 | #Macri | #Causa | #Espionaje | #Investigaci√≥n | #Reuniones |

Investigan llamadas y reuniones de Mauricio Macri

https://t.co/bewGySXi6m",Macri
8,{'media_keys': ['3_1590985223751311361']},91630276,1590985225395671040,2022-11-11 08:30:11+00:00,['1590985225395671040'],,1590985225395671040,,"üì≥‚öñÔ∏èüîç | #Espionaje | #Llamadas | #Macri

Investigan llamadas y reuniones de Mauricio Macri

El expresidente es investigado por una causa de espionaje ilegal.

https://t.co/FJJ8wizQKC https://t.co/CaTQG9BFdU",Macri
9,,764825023169306626,1590692536577757184,2022-11-11 05:33:18+00:00,['1590940712832729088'],,1590940712832729088,124010482.0,@jotaalonso Estando #Caputo est√° tambi√©n #Macri&gt;&gt;Amigo de la Vida&lt;&lt;a NO OLVIDAR son los que Financiaron a #JonathanMorel (Revoluci√≥n Federal),Macri
10,,340815102,1590904578765389824,2022-11-11 03:09:43+00:00,['1590904578765389824'],,1590904578765389824,,Los Desclasados EN VIVO - 11/11/2022 -  #losdesclasados #eldipy #argentina https://t.co/NLkeU74wXT a trav√©s de @YouTube @dipypapaok @eldipyok @NicoMachucaOK #eldipy #noticias #politica #ucrania #rusia #cfk #albertofernandez #masa #milei #maslaton #macri,Macri
11,,1562485044387938305,1590856511554666496,2022-11-11 02:08:36+00:00,['1590889195375325184'],,1590889195375325184,519497576.0,"@larroqueandres Con la f√≥rmula de #Macri estar√≠an ganando m√°s y ustedes se la sacaro IndiGestion HDMO, es por debajo de la inflaci√≥n, Hijooos de mil p u t aaaaa sssss",Macri
12,,751799154498760704,1590883024387723264,2022-11-11 01:44:04+00:00,['1590883024387723264'],,1590883024387723264,,"!!la unica verdad,la realidad!!!lo demas es puro relato (memtiras)de #macri y sus complices!! #lanacion,#clarin,#juntos https://t.co/Gb3gsLr0uL",Macri
13,,1164554541414670336,1590667251039891456,2022-11-11 01:43:16+00:00,['1590882819794165761'],,1590882819794165761,9.045914910703862e+17,"@NataliaBSalvo @gracielap2018 No puedo ver este video 
Me angustia tanto!
No puedo admitir que hayamos llegado a semejante lugar de intolerancia en esta sociedad.
Y el culpable fue y es #Macri 
El destap√≥ la caja de los demonios en sus 4 a√±os de mandato.",Macri
14,,2400141307,1590866211360817152,2022-11-11 00:37:16+00:00,['1590866211360817152'],,1590866211360817152,,"O sea que seg√∫n una iluminada como vos cree que m√°s de un tercio del pa√≠s son delirantes? Y los que siguen al descerebrado, semi analfabeto, contrabandista y mafioso de #Macri que ser√≠an? Buscate un laburo honesto https://t.co/LmaoKg5qsO",Macri
15,"{'media_keys': ['3_1590865588875927552', '3_1590865592260739072']}",372875290,1590865595540844544,2022-11-11 00:34:49+00:00,['1590865595540844544'],,1590865595540844544,,"Alguien miente...
#grabois o #macri o son socios...?! https://t.co/3Ncg6iTpZS",Macri
16,,211245238,1590860587298611200,2022-11-11 00:14:55+00:00,['1590860587298611200'],,1590860587298611200,,"#Espionajeilegal: Investigan llamadas y reuniones de #Macri 

https://t.co/wkDr0V4iTo",Macri
17,,2595651464,1590666383922450435,2022-11-10 23:06:31+00:00,['1590843373954662400'],,1590843373954662400,4893200632.0,@cbritezmisiones @CFKArgentina Decirle que deje de mentir que es muy evidente esta despechada con #Macri porque ser√° un rechazo ? quiz√°s.,Macri
18,{'media_keys': ['3_1590830185271762966']},753767247957659648,1590830200790847489,2022-11-10 22:14:10+00:00,['1590830200790847489'],,1590830200790847489,,"Investigan llamadas y reuniones de #Macri  en la causa por supuesto espionaje ilegal
https://t.co/e4uJOy4mdz https://t.co/Mxk7OYVwJd",Macri
19,{'media_keys': ['3_1590824102276866056']},1161236480456560641,1590824105951244289,2022-11-10 21:49:57+00:00,['1590824105951244289'],,1590824105951244289,,"Hoy con #Macri los jubilados estar√≠an cobrando $150.000....
Hoy con el kirchnerismo se tienen que arreglar con limosna...
Verg√ºenza 
Asco .. https://t.co/oKdv3HHUUr",Macri
20,,1464326740306763780,1590803962986651648,2022-11-10 20:29:55+00:00,['1590803962986651648'],{'place_id': '018f1cde6bad9747'},1590803962986651648,,Seguimos con la campa√±a de frases boludas y gen√©ricas??? Porque ya quemaron muchas para no decir que VOLVIMOS AL FONDO. #Macri #MMLPTQTP https://t.co/sLbUWebJWk,Macri
21,,210193457,1590789300182200321,2022-11-10 19:31:39+00:00,['1590789300182200321'],,1590789300182200321,,#LaPistaMilman es LA GRAN PISTA! directo a #Bullrich y #Macri https://t.co/ZANft6Hwki,Macri
22,,1330660920,1590787536791605250,2022-11-10 19:24:38+00:00,['1590787536791605250'],,1590787536791605250,,"LA JUSTICIA EN MODO #Macri  .- V√≠a @lucindalucind12

https://t.co/r9QqTVOBa3",Macri
23,{'media_keys': ['3_1590786175962316802']},764825023169306626,1590786178365952002,2022-11-10 19:19:14+00:00,['1590786178365952002'],,1590786178365952002,,"EL #PARTIDO_JUDICIAL PROTEGE AL MAFIA 
DE #MACRI üëáüëáüëáüëáüëá https://t.co/dqgefX02JL https://t.co/KvZ9qVCHgG",Macri
24,"{'media_keys': ['3_1590786059650088960', '3_1590786062900727824']}",751799154498760704,1590786065635627008,2022-11-10 19:18:48+00:00,['1590786065635627008'],,1590786065635627008,,"¬°¬°la √∫nica verdad,la REALIDAD!!los creditos #uva fueron pol√≠ticas p√∫blicas impulsadas y fomentadas por #macri y sus c√≥mplices!!!#MemoriaHistorica!#lanacion,#clarin,#juntos https://t.co/uTklifaaIH",Macri
25,"{'media_keys': ['3_1590784678977540116', '3_1590784688003682307']}",764825023169306626,1590660542292803590,2022-11-10 19:13:20+00:00,['1590784690914734087'],,1590784690914734087,1.1568940726043648e+18,"@JegFabi @CFKArgentina &gt;&gt;IMPUNIDAD&lt;&lt;AL PALO
DE #MACRI QUE LE &gt;IMPARTE&lt; D√Å EL #APARTIDO_JUDICIAL &gt;&gt;MACRISTA=PRO=JXC TODOS EST√ÅN LIBRES Y RI√âNDOSE DEL PUEBLO ARGENTINO QUE QUIERE UNA -""ARGENTINA MEJOR PARA #TODOS LOS ARGENTINOS""
A LEER CON ATENCI√ìN Y TENER SIEMPRE LA #MEMORIA_ACTIVA
üëáüëáüëáüëáüëáüëáüëáüëáüëá https://t.co/eEhSazuEm1",Macri
26,{'media_keys': ['3_1590762225526095872']},1310397914188046336,1590762232572710912,2022-11-10 17:44:05+00:00,['1590762232572710912'],,1590762232572710912,,"¬øD√ìNDE EST√Å TOTO Caputo ? El hombre de #Macri 

Ante la inacci√≥n de la jueza Capuchetti, el juez Mart√≠nez de Giorgi investiga el financiamiento de  Jonathan Morel realizado por el Grupo Caputo, de la familia del exministro de Macri Luis ‚ÄúToto‚Äù Caputo. [https://t.co/EJkTtrQ7mG] https://t.co/5vCAbtGWod",Macri
27,,764825023169306626,1590660542292803590,2022-11-10 17:26:00+00:00,['1590757680733245441'],,1590757680733245441,1.1722955594760765e+18,"@Larepodrida @PitonisaK @CFKArgentina Jajajajajajaja jajajajajajaja 
El que Triplic√≥ los ""Planes Sociales"" fue #Macri, lo que pasa es que los ""Medios"" lo Ocultan por el #BlindajeMedi√°tico que l9 Encubren.",Macri
28,,3575001,1590750529558581248,2022-11-10 17:15:18+00:00,['1590754988992495618'],,1590754988992495618,1.2662126572726968e+18,"@TraductorTeAma Qu√© fue de aquellos tiempos en que los j√≥venes revolucionarios de #LaC√°mpora y sectores de la #IzquierdaArgenta copaban el espacio p√∫blico y hac√≠an juicios populares, apedreaban el Congreso y escrachaban a cuanto representantes del gobierno liberal de #Macri?",Macri
29,,147051611,1590754552953081856,2022-11-10 17:13:34+00:00,['1590754552953081856'],,1590754552953081856,,"LPM nos quedamos sin mesa del HAMBRE !!!! 
#macri",Macri
30,,1146106310389374976,1590754259611815936,2022-11-10 17:12:24+00:00,['1590754259611815936'],,1590754259611815936,,"Dr @alferdez no le parece que con todo lo que le est√°n haciendo a @CFKArgentina , Ud. X lo menos , c√≥mo hombre de derecho que es, puede sacar x DNU los jueces que #macri puso de la misma forma?A VER SI DE ESA FORMA AYUDA A DEDMANTELAR EL *PARTIDO JUDICIAL*",Macri
31,,2421956984,1590753622568374272,2022-11-10 17:09:53+00:00,['1590753622568374272'],,1590753622568374272,,"#Macri 14/05/2019: ""inauguraci√≥n de escuela t√©cnica para m√°s de 1000 estudiantes en Salta"". 
Pero los destacados periodistas de LN+, Clarin, Mitre, TN, le permitian a ""Alberto moderado"" üòÇdecir y asegurar, ""Macri no hizo ni una obra"". @luisnovaresio 
https://t.co/vQZiRPgpox",Macri
32,,1545891009661489161,1590499508022280192,2022-11-10 16:57:27+00:00,['1590750494678724608'],,1590750494678724608,34455479.0,@diegosantilli #santilli 2023 #jxc #macri #fueraK,Macri
33,,1161236480456560641,1590749641364365312,2022-11-10 16:54:03+00:00,['1590749641364365312'],,1590749641364365312,,"#Cerruti a la Ministra, le mostraste las piedra que le tiraron a #Macri para voltearlo...
ü§®ü§®ü§®",Macri
34,,1480037053,1590452117894230016,2022-11-10 16:06:59+00:00,['1590737793957113856'],,1590737793957113856,1034569116.0,@AgenciaElVigia Noooooo ü§¶‚Äç‚ôÄÔ∏è #Macri es #mufa !,Macri
35,{'media_keys': ['3_1590733912178827266']},1024672891663736832,1590733907808370688,2022-11-10 15:51:34+00:00,['1590733916004323329'],,1590733916004323329,1.0246728916637368e+18,"#Frecuencia de palabras en los textos de #politica de #ElDestape del 09.11.2022 üìä
1.  #corte 69
2.  #nacional 54
3.  #fallo 44
4.  #macri 44
5.  #presidente 43
6.  #destape 41
7.  #provincia 40
8.  #acuerdo 36 https://t.co/SGWj6kj0fg",Macri
36,,257918119,1590727333136453632,2022-11-10 15:25:25+00:00,['1590727333136453632'],,1590727333136453632,,"#Int de #Vtelopez #Soledad #macri Ud a sus amigos los #beneficia con turnos rapidos en #hospital en #rehabilitacion ,cama en #geriatrico , ingreso a #escuela y mas,Nosotros le #pagamos para q #gobierne para todos los #vecinos de #VTELOPEZ, aunque Ud no sea de aqui",Macri
37,,1245072000,1590423534446477314,2022-11-10 15:25:24+00:00,['1590727329151848449'],,1590727329151848449,1.349438579492139e+18,"@Fran_Casaretto_ @PatoBullrich El kirchnerista siempre sera vago y corrupto, olvidate. A los que hay que agarrar de las bolas es a todos los enojaditos con #macri porque les hab√≠a aumentado la luz ‚Ä¶ ellos decidieron castigarlo, trayendo de nuevo esta lacra.",Macri
38,,1583939847479328771,1590717857943678977,2022-11-10 14:47:46+00:00,['1590717857943678977'],,1590717857943678977,,Que 0jo tubo #macri en traer a #Riquelme desde las inferiores de #AAAJ a #Boca siendo Riquelme un pibe Mauricio macri lo trajo!!!!,Macri
39,,764825023169306626,1590660542292803590,2022-11-10 14:44:35+00:00,['1590717057464950785'],,1590717057464950785,4268990776.0,"@CafardoMiguel @CFKArgentina @rodotailhade Y TAMBI√âN EL ""CELULAR DE #MACRI*...
Y S√ç... SEGUIMOS CON LOS CELULARES DEL &gt;MINISTRO DE SEGURIDAD #MARCELO_DALESSANDRO Y TAMBI√âN EL CELULAR DE #LARRETA... &gt;POR HABER DEJADO LA ""ZONA LIBERADA""&lt;",Macri
40,,831606471074918400,1590714834223448065,2022-11-10 14:35:45+00:00,['1590714834223448065'],,1590714834223448065,,"Tras 12 a√±os de recuperaci√≥n de poder de compra, la curva ascendente se rompi√≥ en el mandato de #Macri, que ocasion√≥ a los salarios una p√©rdida acumulada de $987 mil. La ca√≠da, ahora, se da en contexto de crecimiento. Las explicaciones. @MatEconomia 
https://t.co/U4s9Pb7KIE",Macri
41,,764825023169306626,1590660542292803590,2022-11-10 14:31:15+00:00,['1590713702818656256'],,1590713702818656256,1857719958.0,"@KarinArcus_ok @CFKArgentina Tambi√©n DETR√ÅS est√° #Macri&lt; lo Deduzco as√≠, porque el ""Amigo de la Vida y Testaferro"" ES #Caputo y la Flia. es lo mismo...",Macri
42,,764825023169306626,1590678993791221766,2022-11-10 13:14:09+00:00,['1590694300668825600'],,1590694300668825600,210046840.0,@FelicitasBV Porque est√° Carpeteada* por #Macri,Macri
43,{'media_keys': ['3_1590687282318774273']},292064688,1590687286798479362,2022-11-10 12:46:17+00:00,['1590687286798479362'],,1590687286798479362,,"#Longobardi Sobre #Macri cuando estaba en #RadioMitre . No se que opina ahora, pero a no olvidar que este y varios m√°s instalaron a los K en el poder nuevamente. Hoy dicen #YoNoFui https://t.co/AJVuK3rKRJ",Macri
44,{'media_keys': ['7_1590685402939129856']},1684855196,1590685505334583296,2022-11-10 12:39:12+00:00,['1590685505334583296'],,1590685505334583296,,"üéôÔ∏è M√ÅS DEL MANO A MANO CON VICTOR HUGO EN MI CANAL DE YOUTUBE, IMPERDIBLE.

""A RIQUELME LO ATACARON MUY VERGONZOSAMENTE. VAN CONTRA RIQUELME Y BOCA POR LA HISTORIA DE ANGELICI - MACRI"".

MIR√Å LA NOTA COMPLETA: 

https://t.co/PG9dXxuFEe

#BOCA #ANGELICI #RIQUELME #MACRI #CLARIN https://t.co/I0X748aF8j",Macri
45,,237941212,1590517437392629762,2022-11-10 12:21:44+00:00,['1590681108680966146'],,1590681108680966146,1.1584493368727675e+18,@Milena85220452 @ElsaKekita Si no es #Macri es #Pato üëäüá¶üá∑üëä,Macri
46,,261258656,1590391829434097666,2022-11-10 12:05:33+00:00,['1590677036686749696'],,1590677036686749696,1.0776216326912492e+18,@Joeundercover1 #Macri sabe...,Macri
47,{'media_keys': ['3_1590671919069765635']},1409843467182821377,1590671941031333890,2022-11-10 11:45:18+00:00,['1590671941031333890'],,1590671941031333890,,"#Macri ya se robo todo lo que no estaba atornillado al piso, ahora camino a Qatar con sus malas energ√≠as nos va a robr la alegr√≠a de ganar el mundial https://t.co/lkbiuBX4BV",Macri
48,,45936838,1590667370938658817,2022-11-10 11:27:09+00:00,['1590667370938658817'],,1590667370938658817,,Con #Macri no daba perdidas. La dej√≥ equilibrada https://t.co/RN6flfCFuM,Macri
49,,2400141307,1590658549969223680,2022-11-10 10:52:05+00:00,['1590658549969223680'],,1590658549969223680,,Pero #Macri  quiere privatizar #YPF igual que a @Aerolineas_AR para que √©l y sus amigos hagan negociados @proargentina son todos delincuentes https://t.co/jjqojW7QWS,Macri
50,,975502145280790528,1590526082327138304,2022-11-10 10:39:28+00:00,['1590655373912182784'],{'place_id': '00f84d414936f28e'},1590655373912182784,3170981873.0,"@BonelliOK @SergioMassa @adosvoces_tn Es joda esto #Bonelli no ?????  TU super ministro le saca como 100 mil pesos x mes a los jubilados con la formula del #FrenteDeTodos versus la de #Macri , ademas del #Ajuste x 100% de inflacion nos dice esto  ??!! Tan BOLUDOS nos cree este #Chanta üò°",Macri
51,,1161236480456560641,1590653248700297216,2022-11-10 10:31:02+00:00,['1590653248700297216'],,1590653248700297216,,"La diferencia entre #Macri y Cristina, es que uno puede caminar por la calle mientras que la otra NO.",Macri
52,{'media_keys': ['3_1590652423701504001']},753767247957659648,1590652431570186240,2022-11-10 10:27:47+00:00,['1590652431570186240'],,1590652431570186240,,"Moreau dijo que los camaristas que liberaron a Revolucion Federal son ‚Äúguardaespaldas de #Macri‚Äù
https://t.co/P0VmTCOgEl https://t.co/PsRvjKnDbv",Macri
53,,340815102,1590541427238670336,2022-11-10 03:06:41+00:00,['1590541427238670336'],,1590541427238670336,,Los Desclasados EN VIVO - 10/11/2022 -  #losdesclasados #eldipy #argentina https://t.co/4qD7TZt3oR a trav√©s de @YouTube @eldipyok @NicoMachucaOK #eldipy #noticias #politica #ucrania #rusia #massa #milei #maslaton #macri #cfk #albertofernandez,Macri
54,,1164554541414670336,1590510938620563457,2022-11-10 01:24:38+00:00,['1590515744210841600'],,1590515744210841600,9.574558836798136e+17,"@SergioChouza @Ambitocom @YPFoficial Los recursos naturales, la industria estrategica y la producci√≥n de alimentos b√°sicos DEBEN ser gestionados por el estado. Como mucho una sociedad mixta como lo fue SOMISA que fue regalada por el 2do delincuente m√°s grande de la Argentina. (El primero es #Macri)",Macri
55,,1534287795430252544,1590504018866245632,2022-11-10 00:38:02+00:00,['1590504018866245632'],,1590504018866245632,,#Macri https://t.co/I8z4IphiYy,Macri
56,,931579478794555393,1590498194584375296,2022-11-10 00:14:54+00:00,['1590498194584375296'],,1590498194584375296,,"Carlos De Angelis y el an√°lisis de las internas oficialistas y opositoras

#juntosporelcambio #cfk #macri 

https://t.co/3YjuDbnklq",Macri
57,,1115740363598118912,1590449086423240704,2022-11-10 00:03:44+00:00,['1590495384047976450'],,1590495384047976450,2953955753.0,@Kicillofok @MinHabitatPBA Gracias #Macri,Macri
58,,1119961578,1590493944051560448,2022-11-09 23:58:00+00:00,['1590493944051560448'],,1590493944051560448,,"üó≥Ô∏è En Juntos por el Cambio la pelea viene del lado del PRO: Macri compite con Larreta y con Bullrich para ser el √∫nico candidato presidencial. 

üñäÔ∏è Le√© el an√°lisis de @DemianVerduga en #CarasyCaretas

#pol√≠tica #Macri #elecciones #PRO
https://t.co/UG29nl9x7o",Macri
59,,26431804,1590468185609760768,2022-11-09 22:15:39+00:00,['1590468185609760768'],,1590468185609760768,,"#Larreta en lo de @JonatanViale, #PanyCirco, no pudo decir una medida concreta q tomar√≠a si fuera presidente, pq dice q depende de la situaci√≥n q encontrara en 2023... ni siquiera cuando Lucas lo puso contra la pared preguntando si asumiera ma√±ana... es la diferencia con #Macri",Macri
60,,186293165,1590393906503438337,2022-11-09 22:15:08+00:00,['1590468053409857536'],,1590468053409857536,314747319.0,"@dravaleria Gastar√≠amos 1000 millones o lo q sea preciso, para reflotar y traer a los tripulantes inmolados con los restos del #ARASanJuan, para meter preso al mafia #Macri d √ó vida como principal encubridor del crimen.
Ser√≠a la plata mejor gastada, a√∫n pasen 100a√±os para pagarla.",Macri
61,,237941212,1590002799579758592,2022-11-09 21:12:29+00:00,['1590452290464280576'],,1590452290464280576,339808918.0,@RGNP2017 @tdexx22 Si no es #Macri es #Pato !!üá¶üá∑üá¶üá∑üá¶üá∑üá¶üá∑,Macri
62,{'media_keys': ['3_1590446968895115264']},1024672891663736832,1590446964608483328,2022-11-09 20:51:22+00:00,['1590446972808613888'],,1590446972808613888,1.0246728916637368e+18,"#Frecuencia de palabras en los textos de #politica de #TN del 08.11.2022 üìä
1.  #gobierno 22
2.  #JuntosCambio 20
3.  #macri 18
4.  #frente 18
5.  #corte 18
6.  #bloque 17
7.  #reuni√≥n 16
8.  #AlbertoFern√°ndez 16 https://t.co/v6Hdqw0BBV",Macri
63,,1435701958455742464,1590446271361617920,2022-11-09 20:48:34+00:00,['1590446271361617920'],,1590446271361617920,,"#ArgentinaAhora | Salieron al campo de juego: el PRO ya tiene a sus candidatos a presidente
#Politica #Presidente #PRO #Noticia #Larreta #Macri
https://t.co/rHrm1TSfMI",Macri
64,,1264663390691229708,1590280582952804354,2022-11-09 20:47:16+00:00,['1590445942791995392'],,1590445942791995392,213405649.0,"@sergiodwy Todos los #Nadie deben decir algo de #Macri 
Caso contrio no existen, son de manual estos simios.",Macri
65,,4819516888,1590443231564943361,2022-11-09 20:36:30+00:00,['1590443231564943361'],,1590443231564943361,,"Cuando asumi√≥ #Macri hab√≠a que hacer una auditora sobre todos los PLANES SOCIALES, sacarlos de la administraci√≥n a los movimientos SOCIALES,   ponerle nombre y apellido y fecha de vencimiento.
Alguien que no HIZO la TAREA en el Ministerio de desarrollo social..
Stanley... https://t.co/7gMM1rBj5t",Macri
66,{'media_keys': ['3_1590431876837163014']},1024672891663736832,1590431872198156289,2022-11-09 19:51:23+00:00,['1590431880658259970'],,1590431880658259970,1.0246728916637368e+18,"#Frecuencia de palabras en los textos de #politica de #Ambito del 08.11.2022 üìä
1.  #gobierno 25
2.  #nacional 23
3.  #macri 22
4.  #salud 21
5.  #frente 18
6.  #reuni√≥n 17
7.  #trabajadores 16
8.  #bullrich 16 https://t.co/0gV4JpcYIr",Macri
67,{'media_keys': ['3_1590405669068443652']},1009542325167587329,1590405691290054658,2022-11-09 18:07:19+00:00,['1590405691290054658'],,1590405691290054658,,"#Argentina 2023, Mauricio #Macri fuori dalle #elezioni presidenziali: la #destra su tre nomi https://t.co/3YB3rnrvHM https://t.co/UyIz4RkKMK",Macri
68,,1288901257659326464,1590364667720802304,2022-11-09 15:24:18+00:00,['1590364667720802304'],,1590364667720802304,149991703.0,@alferdez  que bien que est√°bamos cuando est√°bamos mal con #Macri no se supone que esto no est√° permitido?? https://t.co/jmTbvozjUv,Macri
69,{'media_keys': ['3_1590356885215100929']},1160682155690905600,1590031910818156544,2022-11-09 14:57:38+00:00,['1590357952862769154'],,1590357952862769154,166670881.0,"@martintetaz #Macri asegur√≥ que si #JuntosPorelCambio #PRO gana las elecciones en 2023 una de las pol√≠ticas de ese gobierno ser√° asesinar al pueblo que defienda sus derechos, sembrando de muertos las calles

 #PremiosTuGo https://t.co/CRRqxJlXPb",Macri
70,{'media_keys': ['3_1590356352744001537']},1024672891663736832,1590356348453228545,2022-11-09 14:51:17+00:00,['1590356356170919937'],,1590356356170919937,1.0246728916637368e+18,"#Frecuencia de palabras en los textos de #politica de #Pagina12 del 08.11.2022 üìä
1.  #gobierno 41
2.  #presidente 34
3.  #corte 32
4.  #frente 29
5.  #argentina 28
6.  #macri 23
7.  #fern√°ndez 21
8.  #fallo 21 https://t.co/0V1F1uZ7en",Macri
71,,931579478794555393,1590347225619746817,2022-11-09 14:15:00+00:00,['1590347225619746817'],,1590347225619746817,,"üéô @SchiavoniH: ""Ante un gobierno sin credibilidad la √∫nica esperanza es Juntos por el Cambio""

#JuntosporelCambio #Macri 

https://t.co/lGDRAzgJiF",Macri
72,,809211756170137604,1590337698023473152,2022-11-09 13:37:08+00:00,['1590337698023473152'],,1590337698023473152,,"Mi saludo al aniversario de Patricia y su esposo, 
Se llen√≥ de Ks 
1- ‚úåÔ∏èüêß en el avatar no pueden burlarse de nadie.
2- elijan a sus candidatos y  sean felices con eso.
El l√≠der es #Macri y si no se presenta mi voto va a Patricia. Sigan su camino que yo recorro el m√≠o. https://t.co/fepdAvScwS",Macri
73,,987358395312242689,1590336188946448384,2022-11-09 13:31:09+00:00,['1590336188946448384'],,1590336188946448384,,"[CUMBRE DEL PRO] Tambi√©n estuvieron en la reuni√≥n Vidal, Ritondo, Santilli, Schiavoni y Pinedo #puntalvillamaria #puntalinforma #Macri #Bullrich #Larreta #reunion #Pro
https://t.co/nxMlIbccWO",Macri
74,{'media_keys': ['16_1590331911779586049']},1569790062266826759,1590331917114966016,2022-11-09 13:14:10+00:00,['1590331917114966016'],,1590331917114966016,,#MACRI.  ULTIMAS NOTICIAS.  LO ACABAN DE RESPONSABILIzAR POR EL ROBO DE LAS MANOS DE PERON... DIJO LA POROTA.  Seguiremos de cerca estos hechos. Rt et rt https://t.co/BJ4Mt1xmDS,Macri
75,,2749162279,1590326736050622464,2022-11-09 12:53:35+00:00,['1590326736050622464'],,1590326736050622464,,"Ver en TT d mi pa√≠s #Argentinaüá¶üá∑ a Ntro.tbn AMADO L√çDER @mauriciomacri üíô.Cd leo #Macri me vuelve la luz d la  esperanza d q vuelva a ser Ntro. Presidente, Dios as√≠ lo permitaüôèsino,Ntra.@PatoBullrich +el +id√≥neo,el Dr @rlopezmurphy
#ArgenzuelaJam√°s
#MacriBullrichLopezMurphySiOSi",Macri
76,"{'media_keys': ['3_1590319073619070976', '3_1590319094447882240']}",2447701080,1590319107643056129,2022-11-09 12:23:16+00:00,['1590319107643056129'],,1590319107643056129,,"‚ñ∂‚ö†üëâüëâüëâ El PRO defini√≥ mecanismo para ‚Äúcontrolar‚Äù la interna y enumer√≥ precandidatos sin mencionar a Macri‚Ä¶ para MAS INFO ingresar a https://t.co/r38S9oVpY5

#DZ #ElPais #Elecciones2023 #Politica #JxC #JuntosporelCambio #Macri #Larreta #Bullrich  @JxCOficial https://t.co/SZpSrQ7FDt",Macri
77,{'media_keys': ['3_1590315854444519431']},396148446,1590316042144067584,2022-11-09 12:11:05+00:00,['1590316042144067584'],,1590316042144067584,,"Justicia detect√≥ ‚Äúplan sistem√°tico‚Äù del Gobierno p/quedarse c los registros del automotor ocupados en la gesti√≥n #Macri
Jueza fed. Neuqu√©n #CarolinaPandolfi determin√≥ q el 92% d auditor√≠as realizadas durante la actual gesti√≥n fueron contra interventores elegidos entre 2015 y 19 https://t.co/0Dff0ia2f7",Macri
78,,186293165,1590016443512684544,2022-11-09 12:10:04+00:00,['1590315786094391298'],,1590315786094391298,33989170.0,@LANACION @Luis_Delia Peor @ertenembaum qu√© lleg√≥ ah√≠ por #Magnetto y #Macri,Macri
79,,1385000510206496768,1590310663779491841,2022-11-09 11:56:57+00:00,['1590312485735006210'],,1590312485735006210,1.3850005102064968e+18,"‚ÄúPara Am√©rica Latina la presencia de #Lula implica un cambio radical respecto de la pol√≠tica de #Bolsonaro, que fue la misma de #Macri: vaciar los organismos regionales y constituir grupos de gobierno de derecha‚Äù",Macri
80,{'media_keys': ['3_1590311034484572164']},1024672891663736832,1590311029795192832,2022-11-09 11:51:12+00:00,['1590311038179688450'],,1590311038179688450,1.0246728916637368e+18,"#Frecuencia de palabras en los textos de #politica de #Clarin del 08.11.2022 üìä
1.  #gobierno 56
2.  #corte 52
3.  #macri 46
4.  #presidente 42
5.  #frente 35
6.  #fallo 35
7.  #ConsejoMagistratura 32
8.  #martes 31 https://t.co/TT4WZIEgSD",Macri
81,{'media_keys': ['3_1590309029573705728']},2989938288,1590126679070232576,2022-11-09 11:43:17+00:00,['1590309046002728960'],,1590309046002728960,2880612016.0,"@GFrondizi NO VOTO ni Larreta , ni Vidal !
No estando #Macri, solo a #PATRICIA. https://t.co/AqkCAjMbz9",Macri
82,,1388187728886521870,1590304063388024834,2022-11-09 11:23:29+00:00,['1590304063388024834'],,1590304063388024834,,El #PRO lim√≥ asperezas puertas adentro y acord√≥ ¬´evitar tensiones¬ª de cara a 2023 [https://t.co/MU0LBmDyEp] #Elecciones2023 #Larreta #Bullrich #Macri,Macri
83,,1382708934688006151,1590285983185920001,2022-11-09 10:11:39+00:00,['1590285983185920001'],,1590285983185920001,3092373641.0,"@alfredocornejo , deber√≠as reflexionar,  antes dar un paso al costado de la presidencia del bloque, primero la Argentina y despu√©s la @UCRNacional  y para vos esta #Macri ?? Pens√© que eras otra cosa !! @carolinalosada @luisnaidenoff @JulioMartinezLR @GerardoMorales @GugaLusto",Macri
84,,153980585,1590179591057833984,2022-11-09 03:08:53+00:00,['1590179591057833984'],,1590179591057833984,,"#Macri No fue hace un mont√≥n, fue ayer. Porque hay mucha desmemoria, como si hubiese sucedido hace un mont√≥n.",Macri
85,,340815102,1590179056540323840,2022-11-09 03:06:45+00:00,['1590179056540323840'],,1590179056540323840,,Los Desclasados EN VIVO - 09/11/2022 -  #losdesclasados #eldipy #argentina https://t.co/J46vjSUyC5 a trav√©s de @YouTube @eldipyok @NicoMachucaOK #eldipy #noticias #politica #ucrania #rusia #macri #milei #maslaton #albertofernandez #cfk,Macri
86,{'media_keys': ['3_1590171088104865792']},751799154498760704,1590171091674497030,2022-11-09 02:35:06+00:00,['1590171091674497030'],,1590171091674497030,,"¬°¬°¬°a la cola!!!¬ø¬ø¬ø ahora qu√© dir√°n los relatos de los complices de #macri??#lanacion,#clarin,#juntos https://t.co/i52XPAzWMV https://t.co/Me7Bd5zcVe",Macri
87,{'media_keys': ['3_1590171062750351362']},2769280281,1590171065158074368,2022-11-09 02:35:00+00:00,['1590171065158074368'],,1590171065158074368,,"#ElPartidoJudicialAlAtaque 
Y esas mismas personas amenazan con hacerlo presidente de nuevo #Macri #SegundoTiempo #Poesia #ComoLaMia https://t.co/PPSjKy8tjr",Macri
88,,2732290501,1590159364656365570,2022-11-09 01:48:30+00:00,['1590159364656365570'],{'place_id': '014a38a754ca1dbc'},1590159364656365570,,O sea que #Macri les pag√≥ un pasaje a todas esas personas solo para que escrachen a #Grabois?üòÜüòÜüòÜ https://t.co/v7XmiO4MM3,Macri
89,{'media_keys': ['3_1590157269454528512']},1281415569305227269,1590147553756155904,2022-11-09 01:40:17+00:00,['1590157293739732992'],,1590157293739732992,67334466.0,"@TV_Publica @Juli_Strada #Desiguales 
@Juli_Strada
  es #laNi√±aSinMiedo de la #economia en #Argentina y #latinoamerica 
 es para ponerla en un CUADRITO
Junto a #Todos los #DATOS y #estadisticas que #Juntos al #CEPA muestran 
#DatoMataRelato asi se combate a #Milei #macri #JxC el #pRo y  #Libertarios https://t.co/I251SO9BU6",Macri
90,{'media_keys': ['3_1590156835306323969']},1281415569305227269,1590156880717889537,2022-11-09 01:38:38+00:00,['1590156880717889537'],,1590156880717889537,,"#Desiguales 
@Juli_Strada  es #laNi√±aSinMiedo de la #economia en #Argentina y #latinoamerica 
 es para ponerla en un CUADRITO
Junto a #Todos los #DATOS y #estadisticas que #Juntos al #CEPA muestran 
#DatoMataRelato asi se combate a #Milei #macri #JxC el #pRo y  #Libertarios https://t.co/ms8LxzQprh",Macri
91,,1306629670356615168,1590151470401347584,2022-11-09 01:17:08+00:00,['1590151470401347584'],,1590151470401347584,,"#JxC
El #PRO defini√≥ mecanismo para ""controlar"" la interna y enumer√≥ precandidatos sin mencionar a #Macri https://t.co/fjFNDfqQXg",Macri
92,{'media_keys': ['3_1590151162426269696']},1370009252237090824,1590151170798292994,2022-11-09 01:15:57+00:00,['1590151170798292994'],,1590151170798292994,,"üéôÔ∏è @DanielBilotta, columnista de @LANACION, en @Dataposta_: ‚Äú#Macri le pidi√≥ a la oposici√≥n que se calle y se callaron todos. Hay que mirar con detalle el saludo de #Negri a #Juez hoy. La carta de #DeLoredo es Mauricio Macri‚Äù. https://t.co/jimPrI9a4E",Macri
93,{'poll_ids': ['1590141964971802624']},188376648,1590141966372990978,2022-11-09 00:39:22+00:00,['1590141966372990978'],,1590141966372990978,,"Entonces? Si finalmente no se presentara #Macri?
Entre #Larreta, #Bullrich y #Vidal?
Usted votar√≠a por:",Macri
94,"{'media_keys': ['3_1590131556022091778', '3_1590131557829935104']}",1119961578,1590131560623222784,2022-11-08 23:58:01+00:00,['1590131560623222784'],,1590131560623222784,,"üó≥Ô∏è En Juntos por el Cambio la pelea viene del lado del PRO: Macri compite con Larreta y con Bullrich para ser el √∫nico candidato presidencial. 

üñäÔ∏è Le√© el an√°lisis de @DemianVerduga en #CarasyCaretas: https://t.co/UG29nkRnTg

#pol√≠tica #Macri #elecciones #PRO https://t.co/R9aOoFXmfr",Macri
95,{'media_keys': ['7_1590125284795289601']},1253762900738654221,1590125755971047424,2022-11-08 23:34:57+00:00,['1590125755971047424'],,1590125755971047424,,"Reuni√≥n clave de la mesa nacional de Juntos por el Cambio de cara a las elecciones 2023

@perfilcom @CanalNetAr 
#JuntosporelCambio #Bullrich #Larreta #Macri #Vidal https://t.co/OXXyyOfpL0",Macri
96,,200630164,1590119970188337152,2022-11-08 23:11:58+00:00,['1590119970188337152'],,1590119970188337152,,Parece que el #Pro decidi√≥ no dividirse ni discutir m√°s hasta Marzo. Lo convoc√≥ #Macri que se cans√≥ de esas internas rid√≠culas. Es el mas inteligente...,Macri
97,,1496117357730836481,1590103131308036096,2022-11-08 22:05:03+00:00,['1590103131308036096'],,1590103131308036096,,"A compartir gente.
No hay que obligar a nadie a hacer algo que no quiere.
#GH #GH22 #GH2002
#MESSI #CR7 #milei #CFK2023 #Larreta #Milei2023 #massa #Macri https://t.co/k6KZrv0OLa",Macri
98,{'media_keys': ['3_1590099958966927368']},1567594834185125891,1590100041641132034,2022-11-08 21:52:47+00:00,['1590100041641132034'],,1590100041641132034,,Algunas declaraciones de @diegosantilli  referidas a la provincia: üü®üó®Ô∏è #probalcarce #macri #santilli https://t.co/xPnZyl7Olp,Macri
99,{'media_keys': ['3_1590096509265186817']},619208578,1590096521344999425,2022-11-08 21:38:47+00:00,['1590096521344999425'],,1590096521344999425,,#Macri https://t.co/wefEqEIk9X,Macri
